USER_ID,USERNAME
0,Luna
1,waalex11
2,yamiyugi101
3,DatRandomDude
4,lurker3993
5,k3woru
6,Baldito
7,Retro8bit
8,yuritheknight
9,jkmsoobinie
10,Memore
11,jacobPOL
12,MichaelJackson
13,Spiros_giks93
14,bucciest
15,LordCrueltyV
16,RenaPsychoKiller
17,Rom-Com_lover
18,ToG25thBaam
19,-LG
20,Adnash
21,Fario-P
22,detarameMAL
23,BluaPapilio
24,Snow
25,Temperanced
26,Syureria
27,dachipatriot88
28,HanatakeYurii
29,RobertBobert
30,D1ion1sun
31,CocoaGalaxy
32,Naitik7897
33,FullyCharged
34,SuperAdventure
35,RippleLover
36,Yubisoft
37,_untitled
38,Japanimationgirl
39,Rimuru0001
40,Egoist_Animehead
41,_MushiRock11_
42,Desmascarado
43,MiuraHana
44,tasama
45,XanBlueXZ6
46,RaviusxNero
47,deltahalo241
48,Haneken2086
49,EonRed
50,randadasyo
51,SeiyaTempest
52,Mirai
53,Aiimee
54,Vindstot
55,malvarez1
56,Hypnotoad_
57,tazm_k
58,Xoof
59,notweebo
60,EcchiGodMamster
61,Amer_Sensei
62,Lucifrost
63,MahiaErebeaNegi
64,PraneshChow
65,Sleabedybarb
66,Rulisa
67,Yudesei
68,Tropisch
69,Anime_Luv
70,ReaperCreeper
71,jorel262
72,tingy
73,tragedydesu
74,deg
75,Alan_Animefan
76,RoryBurrows
77,Lizymarie
78,GoldSakura
79,Kineta
80,Tekakurika
81,NewestPersonHere
82,PrincesaLuminosa
83,Calectr
84,Kurusu_kun
85,Raibyou
86,Lonerxx
87,Softhenic03
88,Playcool
89,EvernightHSR
90,perseii
91,Magito
92,Ckea
93,ThatDwarfGimli
94,RudeRedis
95,amarcioz
96,ryoko6
97,Doggerz
98,LyLord
99,wildhood
100,iwubanime
101,Nioxys
102,Flying_Hawlucha
103,AcD4c
104,Hirax
105,divlyfein
106,KitsuFrost
107,NiaAlexandria
108,Ryuseishun
109,MemeOfMemeIsMeme
110,DARM11
111,Shinoken_One
112,Elior21
113,Ultron0369
114,Danish
115,LunaLov
116,AcbSnakeDemon
117,0451
118,ryzxgum
119,GrumbleDango
120,therealnagora
121,nirererin
122,knktzvra
123,Palermo
124,Sigmar-Unberogen
125,PotatoAnimeBois
126,Tacsk0
127,kanadekun666
128,ArlindoFrancisco
129,AddaeAkono
130,IzayoiSk
131,Apichua
132,doctor-funk-beat
133,niconiconii27
134,AkeZZZ
135,adam2131
136,Chika_tetsu
137,KociOgrod
138,MaxiJean84
139,antonn
140,thebrentinator24
141,Stardew
142,AmirKazeXD
143,KiliianSleipnir
144,Genecos
145,VivavideoUser2x
146,red4scare
147,slayer70
148,Ragon_Qc
149,Jerry_George
150,ssvmdh
151,kyota521306
152,dazedcowcow62
153,16bitsDreams
154,HughMungis
155,StewedBeefHaunch
156,DavidMahomes2014
157,Longnines
158,Tokoya
159,Shinku05
160,AriaTheCat
161,cloud3299
162,uncleqrow
163,tsubasalover
164,Geark77
165,ZXEAN
166,Sphealz
167,STURRAMAK
168,zoomerReviewer
169,animefan0071
170,Smirker
171,Lady_Nera
172,tywhoppity
173,Rafael_Coelho
174,MysteriousFriend
175,eroguy
176,Rakiko
177,reicchi-sensei
178,St0rmblade
179,Weapon
180,Flick_on
181,JoJoNecchuu
182,Daviljoe193
183,bewareofhisoka
184,Susanowa
185,Scribblegs
186,HunLepto
187,Jersie
188,Bhanu_LAW_196K1A
189,BirdyTheMighty
190,rohan121
191,RedChrome
192,jerbsy
193,Jeje2020
194,schnichiz
195,sleepless_dude
196,bastek66
197,TeenyBooch
198,LJkiller
199,Arisaeve
200,hariawanidn
201,Fabris
202,cibles
203,Nakano_Miku90
204,Marcus5768
205,Kreshre
206,Diablooooo
207,TheSmug1
208,removed-user
209,devil_lady
210,vivi3107
211,Reecey91
212,JizzyHitler
213,Absurdo_N
214,Yuvensius
215,Rloco
216,Nini_greyrat
217,stone616
218,reny1966nanin
219,HatsuneMiku_007
220,lyannaXlu
221,asmita_san
222,Numagami
223,modboy
224,Nachtwandler_21
225,Azuchi
226,Mika_sensei
227,yellowheartren
228,alpo42ab
229,Curiouswanderer
230,imjayhime
231,Calal-Chan
232,SunCrescentMoon
233,massyyl
234,Hikool101
235,Scragnasty
236,AmnesiaToker
237,lucaspatrick
238,phantom346
239,MironBiron
240,Dokuro777
241,IridescentJaune
242,BipulGamer07
243,kta_99
244,Poydoo
245,MeitDeist
246,kihel
247,trinitroglycerin
248,pgroove
249,KamikazeDerfel
250,LAIK4
251,Takashichea
252,Zoshlog
253,Lucio54
254,Chimerared
255,Fortress_Maximus
256,Bishakh
257,iamupinacloud
258,GodKill99
259,Saiche
260,texasfangirl1999
261,VyseLegendaire
262,Shidoteki
263,Meisbob
264,Po-chandesu
265,Raiseii
266,livexevil
267,dwagonuwu
268,RolandoKun
269,Nory993
270,AnimeWatchTower
271,aku_mado
272,Aiyele_Ahiru
273,UveVauliett
274,RDEmperorAsh
275,necrosan
276,KarenShirotori
277,Alpha-Nine
278,Atoom1911
279,-Y4n_chan-
280,yurkin
281,KANLen09
282,AvalonChecklist
283,Delichii
284,Oreki_Houtarou_7
285,nyugvo6
286,minibunnixo
287,MistyBlue
288,LeonhartAugust
289,Limitl8ss
290,Redlinkkid
291,ASinfulPersonage
292,Avitalice
293,M-T_S
294,Cpasfacile843
295,Vipadus
296,Shirayukin
297,Swagernator
298,Krazio_07
299,ashe
300,KnightmareNEKO
301,GridironOtaku
302,Royal_Devils1
303,DoctaMax
304,AmanoDaichi
305,arvin_1219
306,tchitchouan
307,myrmidon_mamori
308,Adoraaa
309,rubbingmybelly
310,WelcomeToChaika
311,dEwMe2k24
312,MomokaLover
313,Newbie_Nick028
314,-Hyunckel-
315,CrysisWarXX3
316,3inPunisher
317,Polatrix
318,TraipsingShadow
319,JaysonNnN
320,aeronamii
321,KanoeHitokouji
322,Pringer-x
323,Kroer
324,sweetsilver
325,Kingfariz
326,Illyricus
327,Surf_rock
328,Jakkun
329,Maou_heika
330,NietzscheKiriya
331,vandastar
332,Sondo
333,GrimAtrament
334,WatchTillTandava
335,MegamiRem
336,Nin-ja
337,0arche
338,zero-r
339,Toneworks
340,arlesakura
341,peacehasleft
342,brokencounter
343,smoltulip
344,SkyFullOfStars
345,Techen00
346,CaptainKenshiro
347,doihavepotential
348,RareAnimeHunter
349,Nanaca
350,chaosflame5
351,TomboyDuet
352,CQLLIST
353,BigFatMax
354,Mmuunn
355,H_Erifu
356,meltingcore_neo
357,VW_guy
358,RamTrinity98
359,Rogersss
360,Fateixa
361,GrabFluffyTails
362,feyyazu35
363,ColourWheel
364,Neengen
365,o17o17
366,Haigen
367,ethcat
368,okamoto4
369,Lumenesca
370,middle_pickup
371,thehugeanifan
372,ishigamer
373,LadyMarble
374,_Ako_
375,ScaryOwl
376,Mackyreels
377,FrierenSimpKing
378,MbGamer
379,PinoyAnime_365
380,hazecloud
381,animemaster819
382,Chipp12
383,JugNut001
384,Boazanian
385,MeguSae38
386,TemdoesSpeedruns
387,titan-19
388,HiyoriSunakawa
389,Demon0fAnime
390,Yvonnelim99
391,Aizix
392,Nivlac713
393,Adriannitro
394,CelticWitch
395,GoldenDevilGamer
396,floridalender
397,MoeGod
398,Menternor
399,badabass
400,Yuno
401,Rosy_Rose
402,Siri1234
403,jd2001z
404,RaVeN_Mortus
405,Ten
406,Antanaru
407,pnr2
408,ProudElitist
409,jantszztkr
410,purplemoon_
411,Ionliosite2
412,SetHorizon
413,FONZACUS
414,Roktim583A
415,doomrider7
416,ani2016
417,Una_Sama89
418,tanjiromybaby
419,pileofshit
420,dellacer
421,SpicyHamburger
422,StarThrone
423,UnknownAK
424,H-5121
425,Somecallme_kj
426,SHAHG376
427,Shiroyaki
428,Adarn
429,Arata2014
430,tam_fortress
431,Punkero
432,Zenden1ST
433,DBX
434,DSoraMonkey
435,ninka22
436,Tatsuya
437,IzanaSolos
438,Cheru6
439,Hyperion_PS
440,oazuz
441,Genocyber
442,uutakuubi
443,40826DToothyCow
444,daddymahitowo
445,hmmmmm5
446,Onaniu
447,Necronomicon
448,duragon49
449,Yui_Suzumiya69
450,jayeol
451,Kaikaidou
452,IdOnThAvEaUsE
453,_kumikko
454,UFiling
455,Saronin_Jayhart
456,YangXingHo
457,Vene
458,BlondieLottie
459,Clichechad
460,nachomaxo1
461,davidyodo24
462,Oongbuh
463,nightmare_kt
464,28012001
465,SentiOnikawa
466,Ricky16
467,Hiryu12
468,Gar_Logan
469,guomundur
470,atroxeus
471,porcelain_wings
472,Westia_
473,Tiny-Roxy
474,negatives
475,OeKusoBaba
476,IsekaiFantasy
477,NakigePlayer
478,Ryanmizuki
479,L0ken
480,SkiesOfBlue
481,MalchikRepaid
482,Pyro81300
483,CactusWren
484,SakurakoMikage
485,fraijard
486,YoshiKiller01
487,Hoppy
488,Gardevoir7
489,wallus81
490,Raratah
491,LuminousXstar
492,210200
493,DafuqBOOM
494,memoire2s
495,zedtronic
496,Zedlin
497,saiful99
498,liketofu
499,IdaB
500,Naruleach
501,Ramkec
502,Piromysl
503,Deoxyribo9
504,notPara
505,andragosha
506,ST63LTH
507,RealNath
508,EmmyBomb
509,LusenProd
510,miipsy
511,Klazzama
512,IdeDial
513,Rhae
514,rikazkhan
515,Lenoksu
516,Kushna
517,dimidrum
518,MantaRaydiated
519,Nabiiha
520,Yuzuhiro
521,Dark_Reunion007
522,JehadKun
523,Oshieteoshiete4
524,KeyboardBunny
525,Mister_Raider
526,CrackedYolk
527,ScrewFiction
528,NemuriNezumi
529,hatsunemikael
530,Berry-Vodka
531,BaconAddict2
532,mshfqtny
533,Kougeru
534,edge13
535,Davidclarks
536,Gator
537,Juleswilliam
538,THEAnimeHERO
539,DizietSma
540,10studio
541,esofdiamon
542,GL_
543,Abendsegler
544,Tenkaishoumon
545,Darion_Phoenix
546,NagoyaR
547,CrunchyCrobat
548,LordJehZeus
549,GinIonSui
550,JustAnotherShiro
551,ina6_-
552,Heykal02
553,Doshigatai
554,AwNoodles
555,this_again
556,Omarumba
557,mathewanderson2
558,redvelvetdoll
559,passing_through
560,Ellen_Yogurt04
561,Ahkrin
562,Infatuate
563,StalkerFairy
564,Yuu_Kanzaki
565,1muhlis0x1t
566,Jakelison
567,Granblu
568,Seeker1995
569,traed
570,Old_School_Akira
571,red-tomato
572,KohiChilly
573,NikoHml
574,AccelorderCanon
575,LexTyler
576,StarPebblit
577,El-Melloi
578,olly5656
579,erikkamirs
580,Zakception
581,elkensteyin
582,Anggi14
583,Spidder
584,BUTHO
585,Whattheee
586,ueda
587,DatGuyRedux
588,ImaAnimal
589,CarlosScaff
590,Barry_Allen_14
591,Fn76
592,BroDyKing66
593,maldiv097
594,smoothw
595,ag53
596,Chandela
597,-Hotaru_
598,Pear-san
599,Marakim63
600,mizukasa
601,neffst3r
602,raichu1998
603,Said_enough
604,SuperLupinHero
605,philsalt
606,Zefyris
607,Mykasan
608,TARDISES
609,Asturaetus
610,Bonemower
611,StickManlt
612,AnimePedestrian
613,Shinuki_n_Reborn
614,yadav59q
615,ahmm1122
616,Konan_Edogawa_
617,Jordanious77
618,blabling2
619,Monochrosanity
620,Fluffygreygrass
621,melika4
622,Biisoo
623,yuzukoikotaro
624,bhakiagjunfi
625,Kawa45553
626,SamSamy
627,MackyandCheese
628,Ketereles
629,stephanniewee
630,DMService
631,akihikosama
632,Hamazura
633,Phenyx
634,TheInhuman404
635,emilyin20s
636,splitshocker
637,Ishitateso
638,Angel10016
639,Clonazenyan
640,Rize0150
641,Bogdan_K
642,GetScrew
643,TheSekiryuutei
644,Curlybrace101
645,Xenahort69
646,missslauraa
647,dzudoKing
648,imapleb
649,Leeeol
650,Kuma
651,Mystogan14579
652,MaouHero
653,Pandadick
654,nyaruhodo-nya
655,UuGaBuUgABuU
656,Finncq
657,Dungeon-Fox
658,UhOhSPAGET
659,69S7B4A5A
660,Xenocrisi
661,SonYarin
662,Hitagi__Furude
663,jonah111
664,Eziprez
665,Deuterium51614
666,afiqahahahahahah
667,DHZgaming02
668,lovecom97
669,Aftab007
670,Mazoy
671,lanlenore
672,origami10
673,Valar32
674,DarkSpaceVRP
675,FlamingMangos
676,Weebchad
677,Doom_Slayer91
678,Haroon_11A
679,Uneducated_Weeb
680,cornonacob
681,franqx38
682,Hiiranokakera
683,lecha0s
684,Illyxa
685,rileydragneel
686,Imi_wakannai
687,firefractal
688,Kaan543
689,Animillion
690,plumbear114
691,genesic123
692,Catalano
693,emavow
694,akfakamli8
695,Jonas-K
696,FranBunnyFFXII
697,dezhavhu
698,Redcher
699,Arska551
700,Newt008
701,TVofWizdom
702,BerriesSan
703,Indianboylight
704,Stripes
705,TheFlyingOrange
706,Junpeony_23
707,ShogunHachi
708,Saika_Sakitora
709,cunezstun
710,Katakiki
711,zeni_desu
712,DAODAONeomabu
713,carlnewkirk
714,Dafline
715,aria-dreamer
716,Attackonfiller
717,theHamzter
718,icefirestone23
719,Apratim
720,Aesil2x
721,LuckasWolf
722,SMGJohn
723,marquinti2
724,Benx2019
725,HorizonX
726,nisowo
727,Starslayer_
728,Fonek
729,WarBeastGT
730,TitanInsane
731,AkumaNoMegane
732,wfisch97
733,kaeeelyn
734,Drac077
735,vp787
736,AncuL
737,MadanielFL
738,NiN10d0h
739,Astute_Anime
740,digitalgangsta
741,SerhaTR0483-2
742,Z80
743,Yuri-Crusader
744,WallaceLarry
745,Ms_Phantomhive
746,Aya174
747,Darmauh
748,syntience
749,StevieRara
750,Chikito_aruha
751,O_T_T
752,snowykevin
753,a0i-kun
754,AtlantaRiddle
755,juliayousoro
756,TheColdMayor
757,Suprgamr123
758,Yuzaki_Riku
759,Slimsith
760,Kassse
761,Traotora
762,MelonShark
763,salmabc
764,dodoxdo97
765,ManoCustaff
766,Rinrinka
767,HatsuneYugi39
768,MeTheKing2020
769,MrBluebear
770,thehornedrat
771,KingOfMAL
772,Gumasushi
773,subahokke
774,alexw1020
775,Loganleo
776,dustfairy
777,canseo
778,TheKing95
779,Cutieloveherself
780,Bjeker
781,infanf
782,Jadekk
783,OiantakuYT
784,KazmaHamza
785,Anago23
786,adamirizarry06
787,FireRifle64
788,camay1997
789,TurnipFan
790,apklia
791,Taminaion
792,superwolfkin
793,HyroSan
794,Reina_Orikasa
795,lubdhak
796,APThunder
797,auspayday
798,goldencrownstar
799,Vargnatt
800,Verdandy
801,Bird
802,Hero_of_My_Story
803,rani32
804,Shin18
805,KinAce
806,Roch2001
807,Disapeared_Ghost
808,HaXXspetten
809,MR_FURUKAWA
810,lucasnake
811,SheyCroix
812,Reevansingh21
813,GolbeztheGreat
814,kamil88
815,Scuzzy_Beta
816,Etherius_ZS
817,EndlessMaria
818,ririuwu
819,Bard_Eren
820,Kazu-chan-san
821,Iyami_San
822,Blue_Maroon
823,GatesOfOblivion
824,hellphoenix2005
825,alpha_shadow
826,Monkiesmata
827,Noy_Rican
828,ilahazs
829,abyss_will
830,StyxParadise
831,rozaaaay
832,Retakkai
833,FOX-SPIRIT
834,ChibaCityLovesan
835,PandahHeart
836,NatsuRei
837,TBSM
838,Say-My-Name
839,koji_K
840,Yumacchi
841,Stinger913
842,falko92
843,catgirI
844,Nymphaea88
845,Maple-Senpai
846,RioAl
847,Kinyoubi
848,Its_Silvia
849,NicWat10
850,Xelones
851,Harrybrooks123
852,ExoticNeeds
853,RJami1
854,ScooterBug
855,AzafuseKingTora
856,mrqoozy
857,CrimsonKing25
858,SIMOMEGA
859,AKOSAYNI
860,Pro_Evo
861,Leentje
862,animexxi24
863,Yuriaen
864,Tekmixer
865,Hemorrhagician
866,JTZ29
867,Pastel_Rena
868,ynuget
869,WellWell_22
870,Recouerr
871,sherri-chan
872,Eira_99
873,Jinty
874,ogblynz
875,ponygobyebye
876,Icebreaker93
877,rosahi9470
878,donhuangerini
879,Haruto1_-
880,Raymond_Bermea
881,anizawa89
882,Klefki_of_Awsome
883,CartoonViolence
884,doily
885,hes022
886,Wehzy
887,beritahitz
888,Koito91
889,Gonzalompa17
890,yungwarlock
891,NonAtmospheric
892,assertivemale
893,Adampk
894,Co1d
895,Natsuki_SanJuan
896,The_Weekly_Jay
897,Agelastus
898,acsenpai13
899,tempest_z
900,TransientTek
901,Kumiveneella
902,KryzakamiHrybami
903,27CansOfTuna
904,izlah
905,MindFlayeR57
906,Dauphine
907,Zhou
908,korewaItai
909,0_0TiTAN0_0
910,Sir_Tako
911,Roevhaal
912,IhavePIE
913,gyanburubii
914,V1P3R0P
915,misaka-9982
916,iori78
917,TKTOWA
918,Godslayer27
919,sakurasyinks
920,herine
921,Ahmad8626
922,MyGo
923,Anika05Suki
924,iirayuki
925,RetroAnimeMike
926,Stacias
927,DmonHiro
928,zeygan
929,Knighthammer619
930,Rifqijr
931,AnaBell9
932,Im_Stuff
933,Kenta2
934,bhuvahh
935,Ippikiookamiko14
936,makech17
937,Maruseru93
938,Siddhartha47
939,firstawa
940,NorthmostIsle
941,AverageMangaRead
942,hanakocheeks
943,roughroadface51
944,NOVA-C
945,sunny_senpai
946,Steph
947,SwordBreaker36
948,Swiggy
949,thuanhvu012
950,Alessio_Jackman
951,rinirax
952,23_enjoyer
953,OG_Otaku
954,samashi20
955,Haaruukaa
956,TheSaltyGamer
957,VampireLord1024
958,kodeti
959,JayBlue
960,_AnimeLover__
961,AraumC
962,Firemax
963,jollychick
964,RSGX
965,Biglulu
966,lapinology_
967,Noir_Alchemist
968,alaneCN
969,GRAYLIGHTNING
970,-Zeni-
971,GangsterCat
972,poshytrolly123
973,eze_tielve
974,Naroomaki
975,jcobinho98
976,Zombunny343
977,ZeroMajor12
978,iKytez
979,NotTrying2BLazy
980,AnchientProphet2
981,IvanLeChat
982,KiaSama
983,TheMechaManiac
984,AkbarSenpai202
985,Aidan
986,Annisa_15
987,iggggi
988,cynicaldreamer
989,FortalezaEmDeus
990,fencingtold
991,LoveScope
992,masoom369
993,lizzziziz
994,Nainu_
995,G0ldStark
996,whalian
997,Baahudoda
998,Creescienzo
999,Abellister_15
1000,tora-jiro
1001,LoliSenpai0x
1002,enya04
1003,oneechan36377
1004,Niophoria
1005,flykra
1006,MakkuroKemuri
1007,hannahcochran
1008,Shingster
1009,ichii_1
1010,Tsukasa_Rio
1011,ChrisBlitz
1012,Peacefinder
1013,Blackwolfzu
1014,Katsu27
1015,Fuuke
1016,Exiz79
1017,HendeyJagger
1018,Victii
1019,irirase
1020,ShodouKuru
1021,shibusa
1022,anooettoo
1023,LICK_IT_GOOD
1024,K4IZER
1025,Knee-sokkusu
1026,EmmanuelPlath
1027,CarbonMD
1028,RubiKim03
1029,Playay
1030,tonyfony
1031,Chocovainilla
1032,kataneer
1033,pastebinv
1034,ShiryuDoragon
1035,Tlahuizcapante
1036,MakimaFan1101
1037,OrangeRafi
1038,PowerUpOrDie
1039,Paru-chinBaka
1040,ClubAnimeYT
1041,SobbleBoy27
1042,APKGOROLINKS
1043,Clan_Killer
1044,humantwig
1045,Kazou-nozumu689
1046,ichuckasaurus
1047,thefrog1192
1048,HaremKing01
1049,MadokaAkimoto
1050,RKGS
1051,TsukuyomiREKT
1052,Haou-Judai
1053,Arth_32
1054,notshiro17
1055,-YUMMY-
1056,TauO
1057,TomboyTamer
1058,Kap92
1059,0wari_4nime31720
1060,OkamiSilver21
1061,cat_coffee
1062,-Kei_
1063,usamasaleem
1064,HelloKAitlyn
1065,LordZirkaZero
1066,Rogerhunter
1067,ash_utosh
1068,Nixi_vrc
1069,SaidoKyarakuta
1070,FlowerPowerStar
1071,koala12345
1072,Z6890
1073,Jordan12346
1074,jonesdarline
1075,Jayswing103
1076,yavanna_1
1077,grandy_UiD
1078,Carl10101
1079,listopraque
1080,Cravenowl
1081,MayBurgess
1082,Teirayo
1083,Volt10
1084,Damnits
1085,HyouwaStudios
1086,Himawari9
1087,Sun_Chan
1088,mahin40
1089,MKSTEEL
1090,skylucario
1091,Tsarko
1092,Kasey90
1093,Dazonwraith
1094,Nero_Moonlight
1095,DYNASTIA
1096,Hachiman2424
1097,Mopeybloke
1098,EmiliaHoarfrost
1099,HeroVladimir93
1100,Koshi_Inaba
1101,HyperLoliCrisis
1102,angelhart
1103,MewZakuro
1104,LoganMcClure21
1105,Jusaku-Redai
1106,yujee
1107,Bidoof_PMD-EOS
1108,DrHizzle
1109,ChartTopper60
1110,KitsuYurikano
1111,Seijatachiiii
1112,Blueberry-vomit
1113,Lunas2525
1114,sonu711
1115,Genoard
1116,subo5
1117,Hannatach
1118,Tendo_GM
1119,Shiorinnn
1120,EruvaNyan
1121,kremstoin
1122,xharumoni
1123,YizelTro
1124,LustrousParadox
1125,Dancho
1126,Beepern
1127,Milan-5
1128,takkun_
1129,Omkn
1130,chausies
1131,Peeti
1132,tl_dr
1133,Mally_D
1134,ItsMeValric
1135,DrPopCat7758
1136,Coty93
1137,atool
1138,PesterDrivel
1139,jesi2
1140,BrewingItRight
1141,twish22
1142,SmokeyOneKenobi
1143,MusaS
1144,Logical_
1145,kur0ba
1146,ClaireReynolds
1147,Cainael
1148,Ronninn
1149,jhghghj
1150,MadnessWillReign
1151,Thempass
1152,SnorlaxCantFly
1153,crx07
1154,ImWitha
1155,crystinmeras
1156,Az-Az
1157,Armados
1158,DeonX
1159,Wmgl3008
1160,sergiorios
1161,Dantalian3
1162,jenkk
1163,AkahitoMarugera
1164,Osyriss
1165,Emerardo
1166,Karin_Marin
1167,JaydenTivon
1168,Toarujisuru
1169,_-_Sally_-_
1170,Rickydory123
1171,Arcona
1172,Rnonsenseguy
1173,TweedleDane
1174,isekaiedchibi
1175,Nocturnal
1176,caprisan
1177,Wasurechatta
1178,Gomi-no-Sensei
1179,elizajohnson
1180,3hearts
1181,Jenskuli99
1182,Kemoooo60
1183,Yaronos
1184,Full_anime_Fan
1185,Mrs_Lupin
1186,morshuwarrior
1187,niko_sb
1188,Arkado
1189,Nanatsujiya
1190,AjiX101
1191,albertbrown
1192,Peconigiri
1193,LiliStar
1194,XoKy
1195,Ushiki
1196,Mei2Mei
1197,__Aka__
1198,W0rkFl0w
1199,subesora
1200,pandaeatboo
1201,Violet42
1202,bhaktivinoda
1203,Andan210
1204,chriskor022
1205,XCF_Konzarn
1206,Vsegda7
1207,Nezuko_chan_05
1208,LinHashimoto
1209,OidPlayer
1210,Marpurrsa
1211,Slarkero
1212,Yunica
1213,Remocracy
1214,Ali_ahmed12334
1215,xKiYoMiNaTiONx
1216,Yatofyp
1217,DeathersYT
1218,Gojira99
1219,oofnt
1220,Papa_Scorch
1221,Aksyahh_
1222,fROSTGGs
1223,ahctpac
1224,juliusskinner
1225,565768
1226,bassyey
1227,KillerfoxTeucos
1228,StrifeHale
1229,Azureii-
1230,Bunille
1231,Moltenc
1232,Zaawaazaawaa
1233,Tokai7
1234,Mako995
1235,Weebookey
1236,sho52
1237,walmartt
1238,JamesSVbrown
1239,GalacticMagna
1240,AnyGoSusanghan34
1241,japzone
1242,tinker3bellz1
1243,Yuuka-Yt21
1244,nahid172
1245,ForteNoir
1246,nico0820
1247,Andrekrep
1248,Amorousu
1249,reenee003
1250,_Shiroo
1251,stella555
1252,AlbertoRaccoon
1253,Darkninja77
1254,omeriske33
1255,IzunaHotaru
1256,Macvin
1257,qwlee
1258,Philistine
1259,MorzGT
1260,Ngiya
1261,FrontierAK
1262,basspig
1263,Ragio
1264,minhhuy525
1265,Reppocank
1266,_ocean8_
1267,Ajvisor
1268,Saijiii
1269,MiciAngels
1270,Hxttori
1271,shiroi-ookami
1272,Ronin74
1273,bakiomari
1274,ScottyNuked
1275,IAmMango
1276,todd2580
1277,Vincado
1278,gwendal738
1279,JoelCurtis
1280,Gedemtolol
1281,lplnvqh
1282,ZaMashtren
1283,Speedo_Kingu
1284,Ophiomorphos
1285,Dolly22
1286,ChadtheChampion
1287,E_Creator
1288,lanseu
1289,Atlos
1290,Allen90
1291,DanielW100
1292,23feanor
1293,Anihunter91
1294,AngeloMC21
1295,Junchi
1296,-miraii
1297,Shounen_jamms
1298,CalmTeaTime
1299,-Joelle-
1300,FuMomo-kun
1301,ryonara
1302,Kosmonaut
1303,LERAGEUXENAMARRE
1304,sharosharo
1305,reanseih
1306,mubeenj786
1307,Danae
1308,aniyeong
1309,Gropen
1310,BruYoshikage
1311,SophiaRoland
1312,dantheman007a
1313,420LoliPolice69
1314,yhunata
1315,Satriojunior22
1316,Kamirura
1317,scarletdawn_
1318,Jevasamy
1319,sockerdricka
1320,FabiDxd
1321,NTAD
1322,Arjuna777
1323,Mistake_25
1324,dust124
1325,YoukaiKouhai
1326,Eikonic
1327,ronie91
1328,RenDays
1329,sharad2005
1330,DarkCarnage0
1331,Kei_001
1332,iHitokage
1333,MikadoWu1
1334,Katou81
1335,Noichiboy
1336,esolutioncente1
1337,AlMiraj
1338,Joshua123_4
1339,Kritoveris
1340,Hashiriya_weeb87
1341,Justsoap
1342,OneAndDone
1343,gaypornrocks
1344,koraszan
1345,OtakuAymes
1346,Helenna15
1347,Kotoha
1348,ImperfectBlue
1349,Bx204
1350,horsebaurusp
1351,ERROR-88
1352,NG_Chloe
1353,Only_Brad
1354,Weasalopes
1355,Tuumas
1356,LANARp-0470
1357,CanadianMRC
1358,Ocat1234
1359,satinder85
1360,0921mhmd
1361,AaronSwift
1362,tailor31415
1363,vvvonvvv
1364,suri2905
1365,Ahsan_1
1366,Nodqfan
1367,aqua_yeagerist
1368,betaweeb
1369,UberFunnel
1370,Alice0006
1371,Mr_Srijan
1372,bibzu
1373,AjaxAscendant
1374,Maximus4811
1375,IAMQT
1376,-Humphrey-
1377,LaytonPuzzle27
1378,Tazinat0r
1379,Shakib07
1380,Meusnier
1381,raiderublaze
1382,Thomas_Eriksen
1383,Situnaki
1384,OgiDaWogi
1385,PhoenixEclipse
1386,Shadow-Chan
1387,CHADSTAzaCHAD
1388,SaintZeph
1389,1kirby2kirby
1390,_Ganji
1391,aruisraaa
1392,NextUniverse
1393,Conceptualhero
1394,Jenkinsaustin
1395,xxmsxx
1396,LuminescentMoon
1397,Jyu11
1398,Nette
1399,Green541
1400,WashingMosheen
1401,Prasetya
1402,chaseeeee
1403,DantheDam
1404,Ansh2004
1405,OrionSigil
1406,tum_tutum_tum
1407,hokaru
1408,Ciezul
1409,tmiles
1410,Unafliated
1411,ronan_iroha
1412,IllluSions
1413,Ashhk
1414,Myst
1415,GBiel_22
1416,Kingsman117
1417,ClaireFroberg
1418,frnhndz
1419,DragonNole
1420,nicksad444
1421,septasan
1422,ChadAnimeEnjoyer
1423,DMinBaby
1424,I_Love_Kyaru
1425,Eleot
1426,Thebigofan
1427,CelesteElaine
1428,Taffy_x3
1429,baby_minu
1430,andreariona
1431,ims-tokyo
1432,metropyramid
1433,rebelakuma
1434,Chrome_Falcon
1435,HelProcks
1436,ArthurLopes
1437,pompokolarc
1438,WokeGangWya
1439,_Velo_
1440,NewYearSameMe
1441,Hibernape
1442,BomberJ
1443,Excloverinz
1444,Takao_Bl00driver
1445,Bolond
1446,-Ecliptix-
1447,HazelShonenFan
1448,Vanterye
1449,jeanbokai
1450,Tetsuya69420
1451,The_Best_Otaku
1452,Kayle_x_Morgana
1453,Sakuta002766
1454,RobinTK
1455,Cruelseeker1002
1456,FateMadMan
1457,BilboBaggins365
1458,lkevsan
1459,mcantrell
1460,2WENTY1
1461,AshenWish
1462,thepath
1463,Gaichi
1464,Colonelfancy
1465,ZachM
1466,Zakami01
1467,cheekybeanz
1468,Death_Fairy
1469,Kcjpunk_01
1470,Resting_Bonfire
1471,funanimelover13
1472,DoujinshiDicks
1473,DyceAverruncus
1474,ShadowMonkey
1475,gianben123
1476,Engr_Don
1477,Pakumen-
1478,sogegesoge
1479,NoHeart
1480,derliss
1481,Gunnnslinnnger
1482,kaarmaa666
1483,tric_ishan
1484,rent_a_brotha
1485,2Pachinko
1486,Halcon_Negro
1487,ZeroWolf251
1488,PeFer123
1489,Rinji-
1490,Ntr_is_a_sin
1491,DemonicFang
1492,sama_tarek2029
1493,naldor123
1494,Swiggycat
1495,ame-furi
1496,rugbikk
1497,wind_scar
1498,microphoneglobe
1499,FullMetalDon18
1500,multigamerclubxd
1501,violetchevalier
1502,TLMH
1503,gabrielpavani
1504,Theo1899
1505,BasicWitch
1506,Red-and-lit
1507,MrBodoro
1508,Rogo17
1509,Ginii
1510,DrDuck_
1511,Kuro218
1512,TrumpAnime
1513,TheBigGuy
1514,katsu044
1515,GabbyTaxie
1516,Arghost97
1517,tealevel99
1518,Zerovor
1519,KeiseiHana
1520,Apakabar
1521,JuanDono
1522,cigare
1523,Kasuke2515
1524,SodomySnake
1525,lesaz
1526,Ueno_Kazuki
1527,MeiHalo
1528,IrrelevantGuy
1529,Chronowarp
1530,AwkwardVist5333
1531,Cooomer
1532,Hhguf
1533,Trickster5_
1534,1xa5
1535,winddevil1
1536,7kaneki7
1537,Ringo_Elegant
1538,IchikaAki1387
1539,oimar10
1540,EGOIST
1541,DarkSirius-03824
1542,shintai88
1543,Shirayuki_Hinata
1544,PervertedKnight
1545,Vehona
1546,Kazzann
1547,Not_Much
1548,KPrat88
1549,Drumbottle
1550,ChickyBro
1551,MaceChan
1552,Kreikka95
1553,iBakemono
1554,pockyharem
1555,freedom891
1556,Ellert0
1557,Aniyae
1558,FansKenjaNoMago
1559,lofus
1560,ShufanDurin
1561,pix13
1562,dumbentity
1563,AltinaLee
1564,Waifwu
1565,Nemesis_Ranka
1566,gigglingviolence
1567,Akiko_Masayoshi
1568,Luisito14
1569,Verzional
1570,kaider28
1571,memery
1572,drydem
1573,ZeroAXL
1574,shockzz1234
1575,MoonPhos
1576,ukloim
1577,demision
1578,chicagopiano
1579,ixaa
1580,Moi-123456
1581,Zaphkiel_El_Rem
1582,Gloryosity
1583,fatinsta
1584,Kalvus
1585,_olimpio
1586,KazawaKirito
1587,GrandDynamo
1588,Laplace_kun
1589,SoftImpaler
1590,S-quare22
1591,Mickgl
1592,Scordolo
1593,kevx66
1594,Fukuzatsuna_Nazo
1595,Aladin36
1596,Fatephile
1597,DaCraziGuy
1598,SelenMH
1599,TierraRobada
1600,0Toph0
1601,jc9622
1602,animejas
1603,Sharpoint
1604,AlexPaulLEWZ
1605,ErikaFurudo
1606,Szalamandra
1607,CryonicalCarnage
1608,Prankster_001
1609,Bhaskar_Singh
1610,BABYH0TLINE
1611,MABfan11
1612,Lelouch0202
1613,Xaeveax
1614,TadanoMari
1615,GreenTea13
1616,SomeGuyWithHair
1617,danita70
1618,astra_moon
1619,CrazyFrogz
1620,Sonalisa
1621,Shiro_shi
1622,nedd83
1623,spectrojan
1624,SadMadotsuki
1625,cythraul
1626,HenTie96
1627,fizzytastic
1628,Kaguyachinchin
1629,NeoAnkara
1630,zimmercj
1631,brzzcode
1632,SunnyShim
1633,Deyui
1634,Ain-san
1635,Hakdoggie
1636,hanamori7
1637,rApheAd
1638,Arin-san
1639,Hitoribotchan
1640,xchyssa
1641,Valloo
1642,yakusoku
1643,Primo_27
1644,DemigodHero7
1645,Zhenro
1646,ShionU27
1647,fgsdhsjsthsghh
1648,ginpachisama
1649,smoledman
1650,Davidmonte31
1651,vanesarz_
1652,SheasonDuerulo
1653,FlyingDunsparce
1654,Meritas
1655,Dubs4life
1656,Guy5279
1657,FitimVetim890
1658,Short_Circut
1659,minniemoon
1660,Fran
1661,Grynnsama
1662,Monkeyd_Luffy_
1663,Smixsix
1664,Aceylor
1665,Andriwll
1666,towelgirl21
1667,leobbo
1668,linkhuesitos
1669,Tennouji
1670,Amatniki
1671,elline
1672,DJK1NG_Gaming
1673,Sharmin22
1674,gintokisbicep
1675,Johnrupesh
1676,Kodashi
1677,roppuri
1678,Danval129
1679,DucktorLarsen
1680,SpoopyNekoBitsy
1681,DavidMullet
1682,RonsNo1Fan
1683,SsAnime
1684,Sakarii
1685,MasterDNA
1686,Blasetvrt
1687,ronald_bastian
1688,Daniel_Naumov
1689,TrashDax
1690,Mattinator95
1691,AzureFlame64
1692,Wxsteri
1693,InfernoPhoeniz12
1694,Alanbutternubs
1695,matias067
1696,awtism
1697,Jaya_0
1698,Lordbadface
1699,Olivi125
1700,mBlazi
1701,matt-t-e
1702,izumii3
1703,Vivien76
1704,YagenThighs
1705,charlieman999
1706,seeker_moc
1707,nanatshi
1708,LimsKragma
1709,chinnaru
1710,randumo24
1711,ShadowOnyx01
1712,keragamming
1713,ApacheSnow69
1714,Somethingfresh
1715,MrWillhart
1716,Nilvius
1717,Eroha
1718,Chento
1719,kur02an
1720,TygerPowers9767
1721,Elessar44
1722,CrawlingDolphin
1723,Fuwa_san
1724,Amour95
1725,ALittleBitofJean
1726,fricksalot
1727,juandmarco
1728,Otorez
1729,Detective1412
1730,AquaMercury
1731,yuzuruhanyuu
1732,BoltonOnur
1733,badAZbuddha
1734,ZaXer_QueZ
1735,KazuXSora
1736,DawnyStorm
1737,K_Takuya
1738,King_Savage
1739,EratiK
1740,KusariYaro
1741,ramenobsessed
1742,Gatsu-chan
1743,MenchiK1
1744,zrdb
1745,phuongvydo
1746,20meu21
1747,mariari_jc
1748,jalevil489
1749,Darksteros
1750,Codboi68
1751,YuraFox
1752,kyuudere
1753,sageRJ
1754,Ketrod
1755,Necromancer_1983
1756,vanillaguard
1757,hypebeast-zoro
1758,Nimmish007
1759,AgravityBoy
1760,Chill_Savage
1761,Animer_man
1762,TheMangaManiac
1763,PantsuAndButts
1764,Buttershooter
1765,Biswa_29
1766,MrAwesome2018
1767,wittedmouse13
1768,luinthoron
1769,Ysuis
1770,-Rogue
1771,Kintah
1772,Railtracks
1773,BobRossTree
1774,Senpai_abunai1
1775,TheFunnyman244
1776,WickedAngel
1777,Sqwash
1778,Prince_Nox
1779,warguy387
1780,Strong
1781,SSJR2
1782,Pacira
1783,sarah181scarlet
1784,GoddessofMayhem
1785,Fede_5000
1786,Sakana-san
1787,xFresh11
1788,Tony2Phones
1789,LiLa_Shay
1790,Anifemale
1791,Troll12345678966
1792,Mayuka
1793,GercekKaanBaba
1794,deviusstraus
1795,_shizukku_
1796,pedogod666
1797,YumioSF
1798,Simo-Kun
1799,smathels
1800,Nickienator
1801,Nicki_MP
1802,Amer2703
1803,Burger-Meister
1804,AnimeBW
1805,Aiaigasa
1806,Joshimatsoo
1807,nehnehneji
1808,Kurisutinax
1809,diablo050189
1810,RieK11
1811,Meira_Eve
1812,Djidji
1813,Teatime_X
1814,NekoNoir
1815,-_-Senpai-_-
1816,jibun-nashi
1817,crissace
1818,Daevas_X
1819,Yuyuki44
1820,Sodragneel
1821,Guts-Valley
1822,raccoon-child
1823,Mentos1
1824,Ehlly
1825,swirlydragon
1826,__EyeCandy__
1827,EsieEyen
1828,GhostY134
1829,Marumarurun
1830,Clubbox666
1831,IJMB
1832,NotxMe
1833,Liddo-kun
1834,ANIMEHOES
1835,Rayl1ght
1836,Shiro_cze
1837,MaahHeim
1838,erenmeii
1839,shanimebib
1840,Angry_Anime_Nerd
1841,Ferdimass
1842,lazyinternsan
1843,karlstein12
1844,NoLiferSoul
1845,Luchse
1846,Chiibi
1847,mar1217
1848,Alcoholicide
1849,Bambang_Tri_W
1850,Doomdoctor
1851,xSweetSlayerx
1852,MiloD
1853,DoctorDux
1854,StopBeingWeiird
1855,NJGore
1856,LoveKirari
1857,nhemers
1858,Kadmos1
1859,MetalWolf14
1860,Ewennnnn
1861,SaiDrew
1862,Texerox2013
1863,davidcocks77
1864,ultranimee
1865,OhChrisis
1866,D8cbeidnd7dne
1867,YoseiEgg
1868,PutridRottz
1869,Spriggan_Knight
1870,kimdokja
1871,Mr-Awkward
1872,lazy_Modifier
1873,DeadArashi
1874,chapteria
1875,Elinnea
1876,SwadesGamingz
1877,Icecold_Lulu
1878,AnyaKittyMeow
1879,Skittles
1880,charlotte0321
1881,_hashira_
1882,kaylix
1883,LonelyHikikomori
1884,joe_g7
1885,gomennasai
1886,Pit93
1887,Nim0174
1888,alukard108
1889,sniper23
1890,PiRhoManiac
1891,Ottes
1892,HakaseMachine
1893,guddi
1894,rdsathene
1895,RowzyHowdy
1896,Rayan4500
1897,Ken39Whistle
1898,ReverseZero
1899,Zehennagel
1900,MetaThPr4h
1901,SuperGreenTea
1902,AnimusPrime
1903,TamXO
1904,CaseyTurnbuckle
1905,istrasepmat
1906,MajinSage
1907,DrkValkyrieCain
1908,DronFee1
1909,PoNaBo
1910,Yuki__03
1911,sefferia_ellis
1912,csws
1913,Sigi-san
1914,Kagutaba2019
1915,Ngurahaadi
1916,Sears2424
1917,minhson65
1918,Suddhadeep
1919,tetsuya2
1920,Lego_Leviathan
1921,DarkDooM2
1922,Stark700
1923,gadboyz
1924,Heimur
1925,Zekkenshin
1926,JaneLynx
1927,Chichi123
1928,ankita36
1929,-_-Val
1930,rimurur_u
1931,GiantQAACSleier
1932,Fernabo
1933,RayReynolds
1934,Rei_III
1935,Nerdanimefan1992
1936,-Abhishek-
1937,blank
1938,BrosefAmelion
1939,christopherjonny
1940,zadkieI
1941,Aniebaw
1942,Preachee
1943,Natewastaken
1944,JJR1971
1945,LunyRem
1946,TheInspiredConj
1947,DonTrumpolino
1948,CtrlAlyDelete
1949,foxsurprise
1950,ddw1a
1951,Supermike316
1952,xiaoniaoxiang
1953,daggerswithroses
1954,Isvi_Berserk
1955,BroxSaurfang
1956,Kaidu-
1957,zeruon
1958,Blade-Fang-Kaori
1959,AP24
1960,Ardis160
1961,Cupucakes
1962,raynaninja
1963,Swiggy1957
1964,KathlynMirei
1965,chanmyse
1966,Potatoc
1967,Big_Boss_13
1968,Yuki_Nonaka
1969,Swag_Akatsuki
1970,AgusA
1971,Livira
1972,Electrowanderer
1973,kara_iura
1974,Ri22rk
1975,DuckUsernames
1976,Ertig
1977,alchimique
1978,-Sabre-
1979,JVskunkape
1980,Sten_PT
1981,hide_platinum
1982,Arillion
1983,LordTaki
1984,Kid-Wolf
1985,barthes8
1986,LunaEstlin
1987,MindOfOsaka
1988,moodie
1989,Renkini
1990,bondtux
1991,MisaoFan
1992,light_of_amphy
1993,Stoorainclaire
1994,Tarotist
1995,plutochan
1996,DenkiDestroy99X
1997,BlueFlareTOG
1998,atryda
1999,killerqueen2000
2000,euls
2001,marconii2002
2002,arsonal
2003,Stevenbaik
2004,DagaKotowaru
2005,RinkanReich
2006,tanerl
2007,Detrison
2008,Gagui79
2009,PrincessVictra
2010,madarchod
2011,SeibaaHomu
2012,hoanghung0707
2013,SpaceHoliday
2014,joshua10red
2015,JohnTonne
2016,kanekiken9876
2017,Happy007
2018,Hakaminah
2019,BaneofKermit
2020,Aubzstein
2021,zubairbaloch350
2022,Tilarna111
2023,happypeps
2024,Hokage_Jason
2025,Yaboku
2026,Decibelle
2027,hotsushikun
2028,Red_Tuesday
2029,AllMightY
2030,Ikuma
2031,MomoSinX
2032,Oldman120
2033,DaichiBunny
2034,BlackCicero
2035,nx6
2036,JeremiahOrange
2037,PapaShango
2038,Naryuko
2039,shakira123
2040,exilvm
2041,doomedbringer
2042,anemonespotte
2043,SpeedRoidGenm
2044,mnkxyk
2045,kyro
2046,Ehurvaks
2047,fullmetal093
2048,Alvarox131
2049,Ahashesh
2050,PiedPiper_
2051,adipati_sepuh
2052,shoutai
2053,Girlhinata13
2054,_Pingu_
2055,Brokennemmo
2056,Ysad_Ziwezhan
2057,kuuderes_shadow
2058,Xaelath
2059,hungryapplepie2
2060,KazuyaKiyoshi
2061,Sim_123
2062,Lissandragaren3
2063,X_A_N_A
2064,LaughingCoffinx
2065,mabor0shi
2066,TodAboT
2067,itsDespera
2068,khudin
2069,Pnbn
2070,-renn-
2071,AlexandricLeo
2072,--l--
2073,Icha-kun
2074,TsuzukuHunter2nd
2075,Anise_Punter
2076,Lucikun09
2077,SnekNOTSnake
2078,Bulma777
2079,rose
2080,Pmoiee
2081,Klad
2082,elior1
2083,H-X-H
2084,killuaxgon
2085,Pleinair
2086,Dysisa
2087,WickedOtakuGirl
2088,AACBA_13579
2089,BenRyan
2090,mjhilario
2091,LordReihan
2092,arrowsofjudgment
2093,KurumiNightmare
2094,TomDay
2095,Tenryuu1
2096,Xplusion
2097,ssjokg
2098,Touka
2099,NanDemoNai_
2100,xShinigami3125
2101,HaiAnhJumi
2102,Phantomnocomics
2103,Lorph2567
2104,Because123
2105,Paulo27
2106,Aymaf
2107,marmondesu
2108,RafaelPereira97
2109,HessRussTheBest
2110,Tapyoka
2111,onuralp067
2112,OnionKnightRises
2113,KalfKaneda
2114,DatabaseDatabase
2115,R0rack
2116,Kami-Koto
2117,Hwak2-a
2118,A_Blue_Weiss
2119,skwalking
2120,ViniOliver
2121,Satan-sama
2122,Claptrap
2123,arubaro89
2124,Ace_Card
2125,Spiryts
2126,SpencerBagel
2127,MisterGimmick
2128,Quarkboy
2129,MAGA4Chino
2130,Diangelo18
2131,xbot18
2132,Oira_yukihira
2133,Kipo0007
2134,OtakuOne
2135,Yasuhito
2136,Goreking
2137,SavuAllu
2138,tammy_fay
2139,ArrRti
2140,Penny_Duhamel
2141,highlightxii
2142,Bozzzz
2143,koshkarr
2144,xXStephy92Xx
2145,Macacoloko
2146,RyanOakes
2147,ayumiis
2148,Happyme_al
2149,WritingPaper
2150,Enjyu
2151,Pure_Nihilism
2152,tonystar73
2153,DerMensch24
2154,Grey-Zone
2155,Starfall_Fae
2156,SkyLETV
2157,oOYuOo
2158,NomThead
2159,Loyalty06
2160,Nintendofan204
2161,derpinat0rz
2162,lasodamos
2163,LeafyShepherd
2164,RedPlaty
2165,Kovaelin
2166,huntress1013
2167,YokaiMaiden
2168,UsagiUme
2169,Araragiri-san
2170,Linky37
2171,Jiharo
2172,SirLezard
2173,Z4K
2174,Oddish
2175,lKinol
2176,Kikugi
2177,zipppooo
2178,orangesfusion
2179,DarklordVor
2180,Feuer_Frei
2181,nDroae
2182,Parzival88
2183,AntwanMantilla
2184,novalysis
2185,starlightshine
2186,A_silent_Being
2187,xxanimeee
2188,ArtG1
2189,Cnon
2190,vanillaskynet
2191,southerntw
2192,Taluun
2193,JJHRTD
2194,PolarsAurora
2195,JokerVentura
2196,anime4ronin
2197,Dedy_Wicak_Sono
2198,FukImOutGUys
2199,Thnx4dafood
2200,PrincessSerenity
2201,CatEatYourPizza
2202,Maora
2203,Mouloxas
2204,-DaMo-
2205,Mxxxstation
2206,KillLaKill4Life
2207,Congintive
2208,Huyan
2209,YusakuGodai
2210,Antagonized
2211,Salamander2170
2212,CoolitzHubertXVI
2213,Mimerio
2214,Jorgevy
2215,Katholic
2216,Heika-
2217,milanogates
2218,Ant161718
2219,Knoble62
2220,Botan-Chan45
2221,1CodeWarrior1
2222,Mishukax
2223,FuyuMinato
2224,animelover1999x
2225,Renaultclio101
2226,ItsXolo
2227,Atr0cither
2228,LunarPulse
2229,Atlant
2230,solidss
2231,Nyapire
2232,Ericonator
2233,Jak
2234,AnimeCreed
2235,YeliseiY
2236,Pyro
2237,phoenixalia
2238,GoldenCrimson20
2239,Awesomecake
2240,fatstarr
2241,ScarletAngel19
2242,kenkaneki_only
2243,SoukaTheReal
2244,Ryuuryota
2245,TsuzukuHunter
2246,dlwuik
2247,Mainaleygu11
2248,Shishou_23
2249,CureEtude
2250,isseidevil
2251,Ando
2252,greedyStar
2253,ex_necross
2254,Jonesy974
2255,DeathAssistant
2256,Xeogran
2257,Aplope
2258,PolarCyrus97
2259,zoeanime13
2260,KuntulKuro
2261,royal007
2262,Kja95
2263,Chris_Pham
2264,puffyram
2265,ChrisDaPatriot
2266,Anonymuz
2267,-Mahesvara
2268,Hereditus
2269,femmeluxefinery
2270,orihara_sama
2271,Tenth
2272,Noire
2273,_Spectacled_
2274,Kleferi
2275,Nate
2276,Hewhorendtheheav
2277,ezaya
2278,Takamura-sama
2279,alterafterglow
2280,Kaerlith
2281,nitrohawk
2282,aella_antiope
2283,Ashureechan
2284,Nyah_Chan
2285,Iruka
2286,KissshotAreola
2287,HikariDarkness
2288,LelouchNoZero
2289,MsVitchDa2nd
2290,KiloFoxtrot09
2291,ruamor
2292,Lunafleurette
2293,Retratto
2294,Andromeda
2295,Cryanide
2296,GREW
2297,Ejc
2298,nachtweiss
2299,Setsuna_CC
2300,-fujo-
2301,USAS12
2302,Aragons
2303,cure_potato
2304,Pikmin404
2305,Comic_Sans
2306,SSSS_Shunaria
2307,Ed_Isla
2308,thatPinkSpider
2309,K_Wilder
2310,Rayzer
2311,Sakurai_Aoi
2312,savisky
2313,lazyking88
2314,Teatastic
2315,umashikaneko
2316,XXXXXXXXXIII
2317,KonnoYuukiSenpai
2318,Vyudali
2319,StefyG
2320,LegitPancake
2321,TheDoggoneGirl
2322,HayateGekkou
2323,nihon_no_tsuki
2324,toumei_
2325,deli_
2326,Cylico
2327,SarienFhaine
2328,HelenHarris68
2329,SightScreen
2330,Kurariyon
2331,Neko_Damashi
2332,zohaib0024
2333,Lemon
2334,Vargr
2335,vigorousjammer
2336,LeeTailor
2337,Ayam_Goyeng
2338,Hana
2339,MayCastle
2340,zaretball
2341,einonymous
2342,CrystalGemFox
2343,Sury
2344,PsycoDipicto
2345,Laatorii
2346,Utsuu
2347,Negligence
2348,shakeyourpup45
2349,MajesticOtaKing
2350,Kitsu-nee
2351,TahZin
2352,Hussin
2353,gr8_nonsense
2354,Paul
2355,Manga-System
2356,ZerIP
2357,Cabron
2358,starbeyond67
2359,nbyung09
2360,Hatsuyuki
2361,Zelev
2362,Half-MagePrince
2363,Jk9
2364,Brynhild
2365,84DaysWithout
2366,NekogamiPuck
2367,MaskOfBrutality
2368,NotThisShitAgain
2369,Ochimusha
2370,Shinsuke_Sama
2371,Mohamed_Salim
2372,supermegasonic
2373,Vyzass
2374,ionfix
2375,David_Uchiha_92
2376,Margaret1977
2377,Jinbou
2378,Prim-rose
2379,Rusian_Cross
2380,nymi
2381,Joe_Med
2382,Ventus_S
2383,swampert260
2384,FreeSpirit999
2385,Hijirihara
2386,ani147
2387,Rizrak47
2388,imbuement
2389,Lestat-
2390,Ryu_El
2391,Hebi_op
2392,moaml_salm
2393,NOVILA
2394,JudoJD
2395,Toolbot
2396,Sugram22
2397,XemiiX3
2398,aaron1717
2399,tophsyrup
2400,von12
2401,LeoEarlSpilner
2402,Schumacher
2403,EmperorDemonGava
2404,adorablez
2405,Qaisar
2406,MozillaFennekin
2407,SuperRed
2408,iamKetranLang
2409,-HippySnob-
2410,HRGR600
2411,EngravedinDeath
2412,landofthekwt
2413,Shining_Falcon
2414,m0g
2415,Roloko
2416,Littaylor
2417,Mirilita
2418,bahamutns
2419,Heiize
2420,SaneSavantElla
2421,Jamacaru
2422,Red_Keys
2423,Darklight0303
2424,A_Lonely_Jedi
2425,Lolikon_Extrem
2426,SenpaiJay98
2427,Blarey
2428,BlinkOtaku
2429,TapuTapuu
2430,Ghattsu
2431,TedBn
2432,3445566
2433,AeroSN
2434,PrevE
2435,Sapewloth
2436,MelAB23
2437,fresh26564
2438,Yakamin
2439,koto
2440,ErwinJA
2441,BookGuardian
2442,KibaFan
2443,hpulley
2444,Chibi-Alice
2445,houssam_alg
2446,rizuxizu
2447,Sindarak
2448,Manaban
2449,usagii88
2450,m0e_SeRaToNiN
2451,Sakurako_Sakura
2452,Krishna30
2453,Chikumis
2454,DikembesMutombo
2455,kikiabdull
2456,OppaiSugoi
2457,-NoxHex-
2458,MikazukiRanbu
2459,amakki
2460,xiliqs
2461,ClickBaitBuster
2462,BestBoiEren
2463,Midori-tan
2464,ninryu
2465,kaitoXotaku96
2466,MonoJuMal
2467,SHOCKJOHNSON
2468,mille-
2469,Iron_Maw
2470,Magister_Jakene
2471,converging
2472,wonderwall
2473,LCDG
2474,Toadesstern
2475,Shinyunicorn17
2476,Nishiou
2477,windborn
2478,Ckan
2479,svein-kun
2480,Setiadji
2481,Reverberate
2482,--ALEX--
2483,forexjammer
2484,Vonatra
2485,R_TF
2486,Dimethylanime
2487,NatsukiIkki
2488,Topolowgic
2489,chinesecartoonz
2490,Takuya7
2491,Vhailor
2492,MZXJ
2493,aberdream
2494,Zainou86
2495,Reikuo
2496,Nuage
2497,JessicaAFM
2498,notoezy
2499,RVDA
2500,MaiAnhHua
2501,silverwalls
2502,Jazzyforcefield
2503,Ahenshihael
2504,Juanda22Q
2505,NobodyKnow
2506,gengar87
2507,polke45
2508,Ketamigo
2509,salman7
2510,misachin
2511,pandora18
2512,Yuki_Ookami
2513,Leark
2514,Lucc_0
2515,EndlessGr8
2516,kr4us3r
2517,fukachan
2518,Radzeer
2519,UltimatePandacey
2520,josueuler
2521,ejala
2522,Frogogurt
2523,mimiiria
2524,Winneh
2525,OttomanKebab
2526,BriBri812
2527,Zenzefer45
2528,MurukoHiiragi
2529,Minnesnowta547
2530,IJustWorkHere
2531,FMmatron
2532,Valaskjalf
2533,LyzChan
2534,Ede415
2535,kiryisannagi
2536,chocolateparody
2537,Askorti
2538,Seigen
2539,PurpleLugia
2540,PirateMadryk
2541,Gridley
2542,Msonnyandrean
2543,tr1ckst3r
2544,podetus
2545,Zee530
2546,Lyix
2547,0bsess
2548,Stellagrimore
2549,Suzie
2550,PerlaNemesis
2551,glamazon
2552,Lunasia
2553,Tyrel
2554,Helios373
2555,9Q
2556,otterman965
2557,homonanoka
2558,WashingMachine45
2559,Silver-baka
2560,64BitRatchet
2561,Skyzaid
2562,Impala
2563,Light-
2564,Alcanes
2565,DeathSaint
2566,Kaiton
2567,Megune_ft
2568,mcxynth
2569,SeijiroUshio
2570,who_dat_ninja
2571,Debasky
2572,Paul_Levesque
2573,Johnnyd3rp
2574,Elegade
2575,iKlariS
2576,Mika-chu4
2577,Larkanite
2578,Fate-Symphony
2579,Kyokutou
2580,QuattroVaginas
2581,Otaku-Hermit
2582,Iceetz
2583,otakugirl10
2584,MelbShaw
2585,Thedumbhead
2586,Kamiyan3991
2587,Rob
2588,Machination
2589,ForeverAnime1412
2590,SeasonLeaves
2591,G_Spark233
2592,phsg69
2593,wlw
2594,VulgarLife
2595,iLya
2596,88expert
2597,VampireXxBrianna
2598,Gala_Lion
2599,Katsu-kun
2600,wells24
2601,Samii
2602,WannaNeko
2603,gophercg
2604,VonSchiller
2605,ElectraHeart6
2606,Otaku-Shogun
2607,UltimusInfinitum
2608,Rare_
2609,FuchsiaRuler
2610,TumblingDownward
2611,Amiluhur
2612,Wintovisky
2613,JBSR-352
2614,Naerys
2615,draco6
2616,CathuriaCat
2617,HikarieChan
2618,Edward93
2619,GokuNazz
2620,Nuemacaron
2621,Mirorin
2622,fannanice
2623,nowchoose
2624,Nabris
2625,Svalinn_Hoenir
2626,Greninja_170
2627,Gwylon
2628,Baka_Debakar
2629,HikiNEET021
2630,simo000
2631,Allitheweeaboo
2632,HK1982
2633,sman3579
2634,Gaia88
2635,JetNoir
2636,MechaFan-RX-78-2
2637,ibraheem234
2638,Andy_REV
2639,vnusia
2640,TricksterZero
2641,ImerSieghart
2642,Wilhelmina
2643,dolly94
2644,Bygyas
2645,Brb
2646,feyest
2647,Chrollium
2648,Zephyroths
2649,Gon_Uchiha
2650,serunayu
2651,D-Sist
2652,kpossibles
2653,Aquamirror
2654,covacola
2655,myth720
2656,P0chiee
2657,Skyreth-XIII
2658,Damanks
2659,-Mihairu
2660,jgomezg
2661,Cuky
2662,shinaa
2663,IZUMI64
2664,UpperCat
2665,AngryPotato34
2666,thatsamaritan
2667,stronyy
2668,raegazel
2669,LPGeneratorx
2670,superman12381
2671,ESmith84
2672,DenzRui
2673,-Shinrei-
2674,loutuku
2675,BlindNoldor
2676,TisyaZEA
2677,anime_lovy
2678,leVinchy
2679,Sad
2680,Minjaeii
2681,royaldocks
2682,InshadiuS
2683,Chuunichan
2684,LouM
2685,KOKA_Xu
2686,yamurama
2687,AuroraWolf
2688,Milk_is_Special
2689,cronoSpirA
2690,Hishouha
2691,MarionServe
2692,britmiche
2693,fuumipai
2694,karambia
2695,AxBattler
2696,Undinehunt
2697,gestalt-zerfall
2698,Yang_Wenli
2699,ikato_kiyazaki
2700,Houreki
2701,catcupcakes
2702,Yask
2703,toblynaruto
2704,Akihisa
2705,HanaeX
2706,Nidhoeggr
2707,ShiroiRyu
2708,xXInfXx
2709,NoNameNoName000
2710,TFO1013
2711,hgeronimo
2712,Ezekiel
2713,TripleSRank
2714,GohanwaOkazu
2715,Green12334
2716,OatGoblin
2717,natsucule
2718,riane-kun
2719,Vash
2720,Alice_BRabbit
2721,seishurun
2722,Balthier14
2723,Supersimz
2724,AdamDCampbell
2725,Hochmut
2726,AmaTenshi
2727,Seangel
2728,twilyopal
2729,michal-sky
2730,CondemneDio
2731,aenews
2732,CroMoX
2733,HecticLeo
2734,FullmetalRaikou
2735,Arrosyid
2736,EasyGo-er
2737,Daisuki
2738,Riritsu
2739,julyan
2740,goushuu
2741,StefanHere
2742,KoishiLoveRoses
2743,KashKetchum
2744,MangoxCake
2745,Cirrnis
2746,Takamichii_S
2747,LordZukasa
2748,eisan
2749,JasmineJasmine
2750,FedeBankai
2751,Ulquiorra
2752,shsl-uravity
2753,Silveria
2754,SmoczySmoku
2755,Narbs
2756,newbieatthis
2757,lukeycow
2758,testamentKAISER
2759,bigivelfhq
2760,Wolfyrinn
2761,Retolee
2762,FairySleepyx3
2763,KohakuNakatomi
2764,ahan20
2765,Vasco1998
2766,Big_Gammy
2767,sat2400
2768,mothnom
2769,Kacoil_Sempai
2770,Peanut_Jar
2771,xenovibe
2772,KuroiKenshi24
2773,Face_Faith
2774,Aris18
2775,Kurt_Irving
2776,Keitaro004
2777,Masserati_
2778,blowingdandelion
2779,swordmasterman
2780,DaMall
2781,Jinxy
2782,starshums
2783,K-Anime
2784,TheAwesomeHannah
2785,Yurue
2786,botagas
2787,Punkbeetle
2788,Effulgence
2789,YK97
2790,Fauzt
2791,MMMacross
2792,Lunar_Garden
2793,reluctantbeeswax
2794,Botato
2795,alidaye
2796,zeroyuki92
2797,SakurasouBusters
2798,DarkwindJR
2799,Fanv81
2800,FireEmblemIke24
2801,Bakarlos
2802,Laugasts
2803,EfiChan
2804,Raven_Freak
2805,kyouche29
2806,jayvee2016
2807,Robiiii
2808,Fumito
2809,OshaIsDaBest
2810,Miragee
2811,s4dcl0wn
2812,zenjamibu
2813,Otaku-Gunso
2814,Count_Cuckula
2815,Imawsomandhot
2816,OldaccountRIP
2817,zilch16
2818,silverDworld
2819,Nikorin
2820,dakotasapphire
2821,AuroraWGrice
2822,DFroGGotten1
2823,L-Ryoshi
2824,JunkYardHiro
2825,Wolf_Of_Reason
2826,_DeStRoYeR_
2827,Jotakak
2828,Konekojo
2829,AdeptRK
2830,tvtz
2831,Rinri_
2832,nomad01290
2833,Lil-Bird
2834,PrincessMomonoke
2835,Onbuu
2836,arashichansenpai
2837,TheIsOtaku
2838,Mkim
2839,fagt-kun69
2840,Olem
2841,Tenkachi
2842,NanoZero
2843,AllenVonStein
2844,monocolor
2845,yutshu_chan_lord
2846,GenocideR__
2847,chronosthirteen
2848,morikaru
2849,amateur
2850,SeraNoona
2851,mascarpone
2852,anthenarutofan
2853,pokemastanumba1
2854,allenjke
2855,Ritsu
2856,Filippos_Yeah
2857,Erg_Orgy
2858,Tulicloure
2859,Burbano44
2860,doom19876
2861,Frezlaj
2862,Blancchet
2863,Cappuchino
2864,Baio-kun
2865,DoctorSexy
2866,8oomer
2867,Chibi-wolf-10
2868,LazuriteDreams
2869,Yourlolm
2870,Shigure
2871,johnknight648
2872,Kyoukek
2873,Odesmus
2874,Ginki
2875,Jerkhov
2876,WhiteFlamee
2877,Raspberry
2878,Anjim1989
2879,rautes
2880,Atavistic
2881,London_Hickman
2882,Kerozinn
2883,ziggy_Z
2884,Dull_Lull
2885,scabab
2886,Kreion
2887,GodlyKyon
2888,ernietheracefan
2889,Gyarutsundere
2890,AdiiL
2891,katsura141
2892,dykejolyne
2893,falahgerrard
2894,tyvip
2895,JkayW
2896,Bilgamesh
2897,annahthecompozer
2898,Firipin
2899,MrEpicMichael
2900,Strawberrycake48
2901,Dragon_Slayer_X
2902,Schwarze_Krahe
2903,Dairokutenmaoh
2904,Seijurou
2905,zurgboy00
2906,WingsofDark
2907,silverclansman
2908,NeXose
2909,Huggykaze
2910,ninja_yd
2911,Saiakato_54
2912,MrKai23
2913,KenKousei
2914,Le_Impossible
2915,bushred
2916,Fuseteam
2917,Nisem
2918,lady-leen
2919,ReinhardVonMusel
2920,Delmonster
2921,Mokkorin
2922,paisley_singh
2923,lastobjective
2924,Keetz
2925,Ahoy_NATO
2926,trenton4k
2927,CrimsonCW
2928,Mika931
2929,SRVFan17
2930,bluerain41
2931,LunaCSunshine
2932,johnread
2933,Valkata
2934,Shocked
2935,lord23
2936,Forgetful00
2937,Azizbapora2016
2938,ElJin
2939,Mezter
2940,SerhaTR0483
2941,Grim05
2942,prtorpedo
2943,Lyev
2944,Halicone
2945,5shin
2946,LucDisway
2947,TheNoseOfDeath
2948,bakageyamakun
2949,Meiyo_Kuro
2950,peeyaj
2951,Marathotaku
2952,Agent-Phrank
2953,ShanaFlame
2954,Annhime
2955,Kosorsomesaykosm
2956,jibberjiofsjlaj
2957,Revvie-chan
2958,Ioryogi-kun
2959,sayami
2960,bhei0816
2961,shaikhah
2962,SmoothJazzDavis
2963,Rikki
2964,kuraragi-san
2965,ffleader1
2966,Crehscent
2967,aikaflip
2968,harkan
2969,Siva
2970,xSitax
2971,Snappynator
2972,deadaccount1919
2973,just-raito
2974,asstomouth
2975,gust11
2976,zellami
2977,mountainheart
2978,Serenade-hime
2979,Ismaelien
2980,SerB3128
2981,SNOWSOS
2982,Hyoukami
2983,Euhin
2984,TroyAndAbed
2985,BlazingOptimist
2986,AndrewR42
2987,jadedjanuza
2988,ElizabethK97
2989,MrSonicFan34
2990,Boiiiiiiiiii
2991,Aramati
2992,ajames123
2993,LordPerucho
2994,Protaku
2995,SecretDinosaur
2996,KamSung
2997,Fappa
2998,Risa_no_hime
2999,ILoveAnime0723
3000,RyuchieM
3001,AltoRoark
3002,shig_
3003,j1mla
3004,sanasane
3005,Sakuraoka
3006,TheBerserker
3007,SpaceMarsouin
3008,gaiar31
3009,zetsu_shoren
3010,Zentaro
3011,Kotarou_
3012,Emirius
3013,bittersweetlove
3014,midorima-shin
3015,worldsimouto
3016,cockaine
3017,ceruleanight
3018,Konoetan
3019,Rachmaninow
3020,animesavor
3021,crestofhonesty
3022,Rikku
3023,MortalMelancholy
3024,Thug_Gou
3025,tetsugantz
3026,Tengai
3027,XadowMonzter
3028,sTIMuwu
3029,mwaroop
3030,ChaoticThinker
3031,Pandagirl324
3032,HidenNinpo
3033,eins-nico
3034,Moverman75
3035,xd123456722
3036,Z-Dante
3037,Saint-Sheepy
3038,momosemomo
3039,LifeAlpha
3040,KaoruMatsuoka
3041,trisha_tych
3042,MotionKT
3043,Firelord76
3044,RetroAlwaysWlNS
3045,illiara
3046,supersesat
3047,gass_11
3048,Wiziliz
3049,Zidane_10
3050,AnimeFan500
3051,ColdJester
3052,KatsukiYukie
3053,metsujin
3054,Feniksrises
3055,waterfallsxo
3056,LuneLemonLight
3057,tsudecimo
3058,Kittycat_Neill
3059,kohinasuki
3060,iamnoob
3061,ramenyst
3062,PeacingOut
3063,Micahl_Taylor
3064,Xiaraith
3065,Dessssy
3066,Rubcies
3067,ainky
3068,StardustCharisma
3069,Hamletina
3070,jfblade
3071,Brieanime
3072,scarredfiend
3073,Gokucchi
3074,SuccHunter
3075,EmilyTheCookie
3076,Miporin
3077,Alsene1412
3078,badwolf45f
3079,-Bass
3080,RogueRiceNinja
3081,yoite-
3082,AdmiralKizaru98
3083,Helpme
3084,pikeman1
3085,rails646
3086,Nashetania
3087,Biasa
3088,Moeism1
3089,barmar
3090,ShinyShinigami
3091,hayka
3092,Ganbat
3093,Bobby2Hands
3094,Seau
3095,DanTheAnimeFan
3096,Soskarin
3097,Hirotaka1
3098,breathesunshine
3099,404Fox
3100,rolandxx
3101,Shiroyuina
3102,VVill
3103,trebmeg
3104,Ouroboros
3105,imouto4oniichan
3106,Lambdaa-
3107,Miya-
3108,Ilyusa
3109,AdolLink
3110,avidal99
3111,Profundus
3112,SiegeShoot
3113,Kishi
3114,orkuncan
3115,Magiarca
3116,Allahakbar
3117,Fresha
3118,VenomTOAST
3119,Tatsu765
3120,HachiHachiHachi
3121,OveRRateDAHHole
3122,Daitomodachi
3123,kuroicho
3124,Masum_Beast
3125,Koybz
3126,Couranos
3127,Mikan
3128,Liaeves
3129,Hongu
3130,Nisx
3131,johnanime2015
3132,Fearformychild
3133,fatboylikesanime
3134,Rehfract
3135,sanata50lbsb
3136,WhatAreUsernames
3137,MKusanagi
3138,kyonJIE
3139,AshitaNoJonas
3140,Maka
3141,WandersonC
3142,Celestial_Pixie
3143,ishimondo
3144,Gliglimp12
3145,Agafin
3146,hoopla123
3147,Arcamion
3148,_kukiyomenai
3149,Vaiyoretto
3150,Hijazi
3151,SkyHora
3152,Rowigrath
3153,isla12
3154,FirstAidTent
3155,kUshPandA_ENJOi
3156,soulless4now
3157,LaloChii
3158,Cainthazar
3159,DoubleMangekyo
3160,GD1551
3161,omfgplzstop
3162,mitch3315
3163,ComicBook
3164,liesolitte
3165,catwithsocks
3166,benjamink
3167,xxLittleCr0w
3168,Saiyan_ichigo
3169,Mio
3170,MagisterEquitum
3171,parvanubis
3172,DeusExMavro
3173,yuriilover96
3174,MysticLeviathan
3175,Karma_is_insane
3176,Dragonage2ftw
3177,Airenee
3178,banhbaozi
3179,Llumi
3180,Goku1085
3181,LoneWolf
3182,NaturalPerm
3183,SayNoMore
3184,Nikoru-san
3185,chrisbj
3186,Seky
3187,kataru
3188,Plutia
3189,Leadle_Lee
3190,PhDinanime
3191,Magkn0
3192,GammaY
3193,AngKear
3194,bobzanny
3195,ranposcythe
3196,Iritails
3197,AironicallyHuman
3198,g-rabe
3199,Raging_Berserker
3200,Crashmatt
3201,Kalluto-san
3202,Riniee
3203,Jayaya
3204,Vanessa-
3205,SodiumChloride
3206,Kamakura-senpai
3207,QuixoteTheDon
3208,Biser
3209,budakr
3210,AceNezZ
3211,Mr39Foor
3212,WolfKing7
3213,revelink
3214,Persona4rulesx3
3215,Abunai_Shadow
3216,earnshaw30
3217,TragicRomance
3218,_Ghost_
3219,InfiniteZenith
3220,Drakonika
3221,JennieKim
3222,MaPsimus
3223,JackieNinja
3224,ojiro
3225,umnicklecal
3226,Hidemori
3227,Laciie
3228,JudeMaxwell
3229,Josh
3230,DCLXVII
3231,Jinx_619
3232,seo-rin
3233,TrinityGod
3234,gustave154
3235,InstallationWiz
3236,mickystar19
3237,Dscry
3238,SPEEEEDWAGON
3239,Flylow
3240,Leopah
3241,BloodiRose
3242,black1blade
3243,melina_putri
3244,Strawberry-Rain
3245,onesnowyday_
3246,Nek0
3247,Alluka-Chama
3248,minimiau
3249,xxtyrantxx
3250,Sarrow_00
3251,marx-chan
3252,sii1
3253,RosyXkid
3254,vegetablespirit
3255,Devil_Slayer
3256,-______m-
3257,KneelBeforeMe
3258,mercyhard
3259,ZetaZaku
3260,DaikatsuTheOtaku
3261,Kay_Lite
3262,cenkiss
3263,FallenUndead
3264,JoshuaSan1017
3265,ExplodingGirl
3266,DateYutaka
3267,busterbeam
3268,Shinigami1992
3269,plant42
3270,jimbob1141
3271,Cirris
3272,The_Archking
3273,AquaWateria
3274,SaberCapital
3275,millic
3276,Chrisereum
3277,Norco
3278,Silentfan6
3279,Foyn
3280,islei
3281,Kidkidd
3282,dankzel
3283,azurexsky
3284,Aridus
3285,crimson-oath
3286,Reverie
3287,MyAccount
3288,Restless_Soul
3289,ryanstrike
3290,YQuintet
3291,MichaelMyers100
3292,Stratofortress
3293,Jicetus
3294,Etherealis
3295,Corwen
3296,UchihaProdigy1
3297,tike36
3298,SuperMarioMC
3299,Imaishi
3300,deactivated106
3301,Helenus
3302,SemRom
3303,Aqutan
3304,NV2301
3305,_abhi_
3306,Naminaee
3307,DeXeTer
3308,Perry1988
3309,Westlo
3310,ExTemplar
3311,toyall123
3312,stephtastrophe
3313,SweetCoconut
3314,Uppathebest
3315,Knixd
3316,FueledbyKass
3317,darksasuke96
3318,meownomoto
3319,KuroYaksha
3320,Astros
3321,WhoKilledMyFish
3322,RMisaka
3323,Roth
3324,J_B
3325,Meruru_Arls
3326,palladia
3327,_Lucy_
3328,Latreia
3329,Zapredon
3330,felipecardel
3331,nerfx
3332,kirisakitrash
3333,Kundalini
3334,Tomislavr7
3335,eeveelugia
3336,Sephia
3337,EvenJellyOn
3338,GBSHITMALANDGN
3339,-fefo-
3340,TrashUta
3341,FlyingFei
3342,ezikialrage
3343,RomCom_love510
3344,IZEROII
3345,bwub
3346,SensouNoKami
3347,xiDeliriouSx
3348,jnw93
3349,Jencansee
3350,Hikarusuke
3351,riilicious
3352,Reimillya
3353,blue-y
3354,Mewra
3355,ThEoNePugNA
3356,KapengBarako
3357,bloodiemonster
3358,interception
3359,rafi160
3360,Brobot
3361,AdorableGoblin
3362,Kajeki
3363,incompleteAEGIS
3364,muneyoshi
3365,keimaconquesta
3366,asdlolxd_
3367,Bleachway
3368,almostnoob
3369,tkmeta
3370,Ninjutsu
3371,Dr_Iss
3372,NiQue_
3373,uhm
3374,bunny1ov3r
3375,ghoullovesharem
3376,Zarny
3377,KazuyaMiyukii
3378,Vice45
3379,Jatz
3380,lacznosc
3381,Llama765
3382,DesolatePsyche
3383,TSeraj
3384,rederoin
3385,CrescentYozora25
3386,chuuzenjis
3387,MineGames
3388,TheWhiteChaos
3389,Idle_Observer
3390,Setsuna200
3391,Deliriant
3392,SageShinigami
3393,SugandaSu
3394,GoSaiyan
3395,Shole
3396,oneechanisgood
3397,HachiKirra
3398,ChairForceOne
3399,stand
3400,tabb
3401,TokyoCrazyPXD
3402,Jcrisier-san
3403,HalibelTheEspada
3404,LemonSyrup
3405,EMChamp
3406,TwistedAnarchy
3407,b1GZZ
3408,Devil_Food
3409,eijem
3410,AiNoHikariToKage
3411,aiueowave
3412,ced1106
3413,Mr_Gutts
3414,Zees
3415,gabriellencia
3416,Duhuhu
3417,-ShadowClaw-
3418,Kurrgann
3419,CloudStrifeFFVII
3420,Falcomster
3421,Ketuekigami
3422,meruledaworld
3423,AngelicTotoro
3424,cl3dson
3425,TheDimmLight
3426,freckledangel
3427,riqueterremoto
3428,sarroush
3429,sweetsymphony
3430,Thai777
3431,HidamariSeashore
3432,Helbram
3433,Melkenlied
3434,CareBear69
3435,peh
3436,Herrschaft
3437,SViper
3438,Alittan
3439,AliceInOtakuland
3440,Kawdek
3441,TJR
3442,Shadow_Strider
3443,Aria-da-Capo
3444,Smugdear
3445,DeadIEnd
3446,scytheavatar
3447,Blackbird
3448,brdlc1
3449,DeicideV
3450,Sensus_97
3451,jaygold33
3452,MizuhashiYusuke
3453,pink_pineapple_
3454,Phoenix_Wright
3455,Ronin-errante
3456,Chitai
3457,sushiisawesome
3458,Anon1409
3459,Xerias0
3460,ReckBlayde
3461,Carefree859
3462,Ra
3463,stonnyfor
3464,LoneWizzy
3465,jackhammer32
3466,Unknown98787
3467,Vongole
3468,nmarinpe
3469,DeadZeroSource
3470,TheSpaghettiLife
3471,CrimsonSilver4
3472,TheBlckJoker
3473,HandsomeMan
3474,kuudere-ish
3475,shukujo
3476,Torisunanohokori
3477,Maor
3478,abg
3479,Tensho
3480,Dalek-baka
3481,Monomunu
3482,Nancy-Alice
3483,Malfegor
3484,_Berserker_
3485,ddnununuenununu
3486,Kadjo96
3487,Maya24
3488,VioLink
3489,Nohbuddy
3490,BloodyPicard
3491,xxburculumxx
3492,Shozenn
3493,dinesj21
3494,Civille
3495,AvihayAnimes
3496,Jao
3497,leamroberts
3498,DGemu
3499,Zennon
3500,Nefar21
3501,moonnya
3502,Suzune-chan
3503,ruggia
3504,KittyKatWombat
3505,eternaltorture
3506,Progeusz
3507,HalAnime
3508,sayurno
3509,Rayster
3510,SolviteWoTaberu
3511,RedRoseFring
3512,WolfWood37
3513,RapheJK
3514,silmaril
3515,Newhopes
3516,Jesus_is_Lord
3517,Z-Info
3518,rodac
3519,Drunk_Samurai
3520,Kenchiin
3521,Ailly
3522,R2
3523,f4b10
3524,Cruzr
3525,PandaPuff
3526,xbobx
3527,destructo22
3528,zura-chan
3529,JBird94
3530,polnoc
3531,Makuro
3532,DrizzyXP
3533,Enigmatica
3534,-Sharif
3535,Kiev
3536,BFizzle
3537,adkascagefsaf
3538,WorldInverse
3539,vipjoy
3540,Kalypze
3541,Celestrial2
3542,Tirno
3543,Vepenar
3544,KidRyan
3545,kandiiyuutaamu
3546,Immahnoob
3547,elleyonce
3548,flo3
3549,Suntears
3550,PokemonCrossing
3551,BeastDragon
3552,rodka17
3553,amayih
3554,Inu_Maww
3555,Arkenh
3556,-Karoshi-
3557,HowTragic
3558,Naxrrhid
3559,b00moscone
3560,Caeca
3561,10makunn
3562,xpaula
3563,liushuang
3564,Haruchhiii
3565,JafriZin
3566,live2win
3567,Miraclezify
3568,Jeav
3569,Banshee-IV
3570,Abyhape
3571,lolw-a
3572,LOAD
3573,bele88
3574,Royalknightftw
3575,L_J
3576,bioober
3577,_Aki
3578,LunarCharm
3579,iSheep
3580,EricwithaD-san
3581,Ahmer
3582,bethelwho
3583,Youngjames
3584,Covetousness
3585,gedata
3586,Dudewitbow
3587,Hahalollawl
3588,tirasangue
3589,Zadion
3590,abystoma2
3591,PrincessAhri
3592,Uitchou
3593,FireKiller87
3594,BronyaSilverwing
3595,ChronosXIII
3596,Yause
3597,tlne
3598,ThangLong
3599,zoze
3600,AdolTheRed
3601,Grouchio
3602,sinner08910
3603,SlowDancer
3604,crazymonkey00
3605,anime90
3606,volare1
3607,justGM
3608,animeruler1
3609,Taylormomsens
3610,hentaishima
3611,zozv
3612,ILC
3613,Exbo
3614,semperdickus
3615,xfero
3616,nume-chan
3617,deadbilly
3618,Classiick
3619,jjpasay777
3620,FiveOVER
3621,Inugirlz
3622,qpq
3623,Ryuugan
3624,rajin90
3625,amoney46
3626,snuffless
3627,ForeverFizz8
3628,mythical020
3629,Shakkin-shitsuji
3630,-Kenshin-
3631,KatieMH
3632,Netori
3633,Aggron
3634,Tazu
3635,_Hatsune
3636,LoLyeah
3637,clow_card
3638,claudyzu
3639,deactivated30325
3640,Eri-chi
3641,BDProductions34
3642,Silent_Scream
3643,Pond
3644,BatoKusanagi
3645,mecharobot
3646,VeryNicePerson
3647,MysteryFan89
3648,dkjiji
3649,Dageki
3650,eyrahsama
3651,goodbyeusers000
3652,JetFury
3653,IronLobster
3654,TerrorH3ctor
3655,Pangeaa
3656,CyberStat
3657,DarAR92
3658,srwgfan
3659,Zero
3660,UnknownUser-
3661,kawaii36
3662,CrossRyuu
3663,dumb_me
3664,zheren
3665,Spider-titan55
3666,StinkyPuppies
3667,Sh4de
3668,delulytric
3669,Kev9
3670,ChangeItSelf
3671,k11chi
3672,Deccan012
3673,Itami
3674,Dunois
3675,SoupAhh
3676,slaydere
3677,kickface95
3678,millo
3679,tofistig
3680,MCPhatman
3681,KingYoshi
3682,Toilgamesh
3683,Shuhan
3684,xtremexx
3685,BayoMayCry
3686,meetbhardwaj
3687,Megaphy
3688,Average-Jo
3689,TheLethalRose
3690,viisan
3691,Romedbaumann
3692,Daimyo
3693,blooish
3694,Kvshi
3695,LegendGoldDark
3696,Kireiina
3697,Xinception
3698,Doaj
3699,Dana
3700,Mayjaplaya
3701,loghneckbeard
3702,Kikimorka
3703,Blandar
3704,emeraldrosary
3705,vanesaB
3706,Rusette
3707,Mortal_Folley
3708,tylerdurden876
3709,Choroshi
3710,Snowballx350
3711,Octochan
3712,Haine
3713,lokithor
3714,jaheen100
3715,Busujima_Saeko
3716,Toast123
3717,Kurisu666
3718,Wind_Sr
3719,Yurippe2636
3720,hahailham1
3721,Evildoer
3722,Faytz
3723,JTurner
3724,mistress_kisara
3725,AbZeroNow
3726,LadyHepatica
3727,Akamitsu
3728,sevki
3729,symbv
3730,ReikiShutuagi
3731,ArtimesGamer
3732,holothewisewolf
3733,InSoulFallen
3734,HimekoTachibana
3735,kiseki69
3736,kitsune0
3737,Gaburi_Aberu
3738,i_want_ultima
3739,Momoirooooo
3740,PC93anime
3741,deezet34
3742,YourAnimeGuy
3743,antonnn
3744,Kitchiri
3745,dipz158
3746,MettatonEX
3747,Tengoku_no_hakai
3748,cshin9
3749,AngeloidChaos
3750,Sardanapali
3751,gino_san
3752,Pari
3753,mapotofuu
3754,Ourka
3755,Tomaton
3756,Alycen
3757,moonstarfireclan
3758,Florete
3759,Ddustz
3760,Kurosawaki
3761,aznabelcharzz
3762,MajinSaga
3763,Habagat
3764,Aerostar
3765,junnes
3766,Yasu-kun
3767,another_anon
3768,AnimeHonor
3769,mikezilla2
3770,Konata_Master
3771,Elite60
3772,gunslinger90
3773,Omniknight
3774,fwog
3775,Orix
3776,Alpacaman
3777,Risara
3778,megatuga
3779,fueille
3780,1L0can0
3781,shigeru212
3782,Ciuvaz
3783,Venneria
3784,Allenkilla1
3785,Mizusi
3786,kennikitty
3787,sadrobot
3788,Cebiko
3789,mattbenz99
3790,Vanilla-San
3791,StopDropAndBowl
3792,Frostav
3793,shinkeikaku
3794,seikipunch
3795,Kuzuryus
3796,zeoh
3797,Sandileina
3798,imbs
3799,sub9me
3800,Verdante
3801,Jason546
3802,Subbed
3803,Monad
3804,Nozila
3805,Momono
3806,WAZergslayer
3807,greenmarty
3808,Rydako
3809,RedFlameHaze
3810,olha2
3811,Nutsheel
3812,DX5536
3813,Doodlittle
3814,camerawr528
3815,FluffyDango
3816,randompadley
3817,-Koyuki-
3818,VongolaXEspada
3819,Selphie-
3820,mrbakchoi888
3821,silkie
3822,tiffanyhng
3823,UnculturedWhitey
3824,RX-782
3825,GreenBeans
3826,VovanKoperativ
3827,Kyakka
3828,AndyRayy
3829,IntroverTurtle
3830,miathetiger
3831,Wishe
3832,Citrix
3833,MegaJenkins
3834,Ricetaffy
3835,Sipi
3836,arlulez
3837,llamaben
3838,Exblaster
3839,jmoriarty84
3840,kinosimping
3841,ze1151154
3842,DardDrak
3843,n10sity
3844,Limonene
3845,YuinaTsukino
3846,Cypress101
3847,spacemonkey93
3848,MagicFlier
3849,Blacksatanman666
3850,Xushu
3851,mjjfan10
3852,soulelle
3853,NoobHunterD
3854,Jinada
3855,sonictoryuiai
3856,Thunderwolf
3857,b4
3858,dutchah
3859,Xinil
3860,vansonbee
3861,blindassassin
3862,Migahel
3863,Fintan
3864,Klimat
3865,aceoflife
3866,Mogu-sama
3867,SD_CV
3868,Yaana
3869,Yugao
3870,Superfaraway
3871,Micronique
3872,Burayan
3873,XxsilverfoxX
3874,Satou0Kun
3875,GitahMuttan
3876,peachriver
3877,LayedBack
3878,ZacksFair
3879,CrimsonPhantom
3880,Kyuutoryuu
3881,vxnderground
3882,Polyphemus
3883,BlueKite
3884,Sumitomo
3885,Paradox92
3886,BishoooDuck
3887,SamuriJim
3888,xochandaox
3889,AiraKT
3890,fati
3891,Krasa
3892,-Ronin
3893,MinorDespera
3894,evilcyber
3895,SheMei
3896,YadGadge
3897,nuclearcherries
3898,Trie
3899,Alloran
3900,ketorolac
3901,Be4st
3902,sleepless23
3903,-Kazu
3904,iLaw
3905,Skipchmosha
3906,MissHeed
3907,Shinryuken
3908,Symqn
3909,Darkazuyagami
3910,Eien-Story
3911,daisy23
3912,Nike
3913,BadMediaKarma
3914,ihateeveryone
3915,Julianne
3916,Anepg
3917,Yvese
3918,kynnlia
3919,I_Am_Awesome
3920,Cathedral
3921,Arch_fenix
3922,HauntingShock
3923,AngelsArcanum
3924,kyoya7
3925,shagek1
3926,NanachiGinaP
3927,Kalsooooo
3928,Lylaaz
3929,badgerkins
3930,kentasaiba
3931,TallonKarrde23
3932,Werchiel
3933,Kaliov
3934,Misako-chan
3935,WithoutIdentity
3936,IndienRock
3937,groundfish
3938,Riptos
3939,OsmarH
3940,Cheeeeeeese
3941,ryshin
3942,buzz_start
3943,Kotori
3944,AlexTheRiot
3945,deadman80
3946,Ashen_Miko
3947,Shoryu
3948,ConquestOtaku17
3949,terrablu2003
3950,Pesti13nce
3951,Akamatsu_Jun
3952,KansaiClub
3953,Helios33
3954,Erenle
3955,Soshinra
3956,synusinverse
3957,sarazoldyckz
3958,Kaengel
3959,Metaliator
3960,Nyanks
3961,vampko
3962,lingoes
3963,gknight
3964,Werewolfhero
3965,Ressamp
3966,JacobGrey93
3967,auzile
3968,Slatrix
3969,wtdtd
3970,AnimeEmperor
3971,Dollars_xx
3972,Herosik
3973,dachou
3974,Kuandohan
3975,zetsuboSensei
3976,Tracer_Senpai
3977,MusashiRose
3978,SupremeZero
3979,dragonman
3980,SnowfallBunny
3981,Ston3_FreeN7
3982,jefba
3983,z411
3984,hakazee
3985,bippo
3986,Effnal
3987,deactivated-180512
3988,MissMoon91
3989,hyperd0sage
3990,ckckckck
3991,ss4chris
3992,antibiotictab
3993,charmecia5
3994,Meganegasan
3995,bunny9992
3996,MEsoJD
3997,RyanSaotome
3998,shinki7
3999,Silent_Chime
4000,Xykko
4001,bNq
4002,ShinXK
4003,YasberryYogurt
4004,animan7
4005,yafi24
4006,Aoboba
4007,KiAce2
4008,YandereYuuya
4009,bloodymassacre
4010,dizzyworld2
4011,rookiestalker
4012,GenuineAnime
4013,Brent
4014,Tieria-Shirin
4015,Diana_Williams
4016,Nonyflah
4017,ClockLock
4018,tommythecat
4019,Kazeshini
4020,omy785
4021,161
4022,Candor123
4023,taj69
4024,Zalis
4025,faderunner
4026,Kurogashi
4027,Figma
4028,Rosaryn
4029,WasabiDL
4030,Shaduge
4031,ueki27
4032,LucarioDude
4033,-Iwasawa-
4034,sayko
4035,totoum
4036,BlackTe4rs
4037,Arcxiv
4038,SupernovaMane
4039,OneWhoReadsBooks
4040,almozayaf
4041,Lmp01
4042,cat_clan
4043,KyousukeLove
4044,BSX
4045,LyingPrauses
4046,Trisection
4047,kiosy
4048,StonedAnime
4049,aboe
4050,Quixotis
4051,hammer85
4052,kagamihiiragi123
4053,sirsalat
4054,chibifox6
4055,martinyyyy
4056,DraconisMarch
4057,Acinonyx
4058,AnimeHAwk616
4059,vietpho
4060,funkotaku
4061,keitwr
4062,risefire
4063,Starks
4064,dextronaut
4065,taydev
4066,chandelurre
4067,stAtic91
4068,Naoe-Riki
4069,noct-ciel
4070,Trepefan
4071,shasub
4072,mohammedafif
4073,eldest
4074,Meriande
4075,Snowflakes
4076,Kinguarcher
4077,Lil_Wayne
4078,Firechick12012
4079,CheshireSin
4080,moonplanet
4081,momomilk
4082,Kuraaiiya
4083,lysithea22
4084,TimeTravel_0
4085,0-fu_k-giver
4086,GTC
4087,Midoriwater
4088,GChan
4089,megucas
4090,Cletus
4091,9988
4092,Icyness
4093,lordzeru
4094,GigaSPX
4095,Rezurrekt
4096,Quartz
4097,MFK
4098,DaHitman
4099,DoorZ
4100,92aqua
4101,Jodraken
4102,abrams
4103,SkyRanger
4104,squall2be
4105,AngelHana
4106,Flopsie
4107,xxbluebirdxx
4108,Kippercha
4109,solec
4110,NyankoLoaf
4111,QueenCythia
4112,AfterGlow
4113,Sebastian333
4114,deathmoon06
4115,Valeria-chan
4116,Artix86
4117,Air-Dragon
4118,hakemo
4119,Pettersson
4120,Downgrade355
4121,Oohoshi_Awai
4122,Arbalest
4123,AkkaAkka
4124,CEMPUNK
4125,Countdown_100
4126,sweetbanana
4127,PureXI
4128,Hidden_Joker
4129,Serhiyko
4130,KiriyaXIII
4131,bergil
4132,SilentTruth
4133,Anime_Name
4134,klaudio
4135,HatsumiShinogu
4136,luigi-dude
4137,Hystery
4138,MynameISuLLey
4139,Wolf48
4140,stellafoong
4141,Just_Augos
4142,LuckyMango
4143,Star_Boy
4144,DStev
4145,kingclaire
4146,ElHuesudoII
4147,Dredhawk
4148,TheCtes
4149,tofei
4150,nuuvox
4151,SymbolicLayer
4152,LittleDemonBoots
4153,yukirin-chan08
4154,edl01
4155,MyNameSucks
4156,beaver8
4157,skullhong
4158,Twitchy-Tail
4159,quercifolia
4160,Yokurama
4161,Seppafer
4162,Djaga
4163,Yumekichi11
4164,Chandler
4165,mokahless
4166,Rikoster
4167,Miakyatto
4168,Z-flame
4169,Ozzey
4170,s4kumi
4171,FALLOUT4
4172,Crystalas
4173,Fallenkingzero
4174,darkmar7
4175,xPlrac
4176,Isaac0
4177,Reim_Seranth
4178,darkstone
4179,CrimsonDev
4180,mirtha4ever
4181,lady_ribbon
4182,Akitso
4183,filepile
4184,minatojs
4185,Aqua_Marine
4186,kashim
4187,luxun21
4188,Mazzhugeliang
4189,SpAyKeR
4190,_RaiOh_
4191,khrymson
4192,jwbhoy
4193,Misaola
4194,Fro5tsAnime
4195,moasan
4196,xcoser
4197,qwerty4321
4198,hinanami
4199,Seabury
4200,Mofusand
4201,FourLeafClover
4202,nitchi
4203,bereta002
4204,penguindrum264
4205,TheFlatIon
4206,Migzie
4207,Thatguy31
4208,Glumii
4209,salvationhope
4210,jallan
4211,BeautifulDuwang
4212,Dimitrit
4213,Kenju
4214,raphaelf
4215,VanzZz
4216,Midvalley
4217,Ellysey
4218,Apdo1
4219,Giix
4220,dlaczego
4221,Nosferatuu
4222,aphrodi
4223,Rito2Ru
4224,Aru_
4225,Anime_Freak_0101
4226,Marow
4227,AnimeCrusader
4228,Adieu
4229,Valky
4230,Makise11
4231,waterxeno
4232,PirateKingz
4233,gillbobjones
4234,Verdale
4235,Bellebellabell
4236,Gatchum_Bye-Bye
4237,abugroza
4238,Samurai_
4239,NinjaTalent
4240,M4tt30
4241,harrysoung
4242,Hene
4243,YukinoAsakura
4244,Shukle
4245,Izanagi-94
4246,sman517
4247,Gebbi
4248,Chinkyu
4249,justmoe01
4250,jrod
4251,Random45
4252,flaxman85
4253,xMatronxMalicex
4254,Akichii
4255,azeriraz
4256,Akosss
4257,FrostyFang
4258,Aracia
4259,Nefarious
4260,axzie
4261,holypoop
4262,tantei
4263,Ashi-nyan
4264,El-Ricards
4265,kingck
4266,riots
4267,GregZor9
4268,ziez_krum
4269,TheFactSheet
4270,Fabienne
4271,teribithia
4272,MiP
4273,Metazoxan
4274,Obinderu
4275,LigerZero248
4276,zombor
4277,the_seventh_l
4278,jerry0093
4279,St-Hubert
4280,ElPsy
4281,Schroeders
4282,FlavoryFantasy
4283,Numi
4284,kururugikai
4285,Minoru
4286,TheyLeaveShadows
4287,Zfish9
4288,Haruka-samaa
4289,magicb
4290,Kappa-ing
4291,Shubh
4292,Nabensca
4293,Yuhrita
4294,Ryougi_Shiki_
4295,xxanxus
4296,AlexSadist-sama
4297,Pizzaholic
4298,eworm
4299,Spacenoid
4300,AkinoBlade
4301,2Kalt
4302,R3ep
4303,TheCommonSense
4304,zensunni
4305,Fyndra
4306,daleb729
4307,Rionada_Jackie
4308,Kurini
4309,Jinrou
4310,Joh-chi
4311,Wario2
4312,flipadomp
4313,MoonXArtemis
4314,MiyatouSeishirou
4315,Karura_Jiinsaru
4316,Xealias
4317,keygen
4318,ronri
4319,Tzu
4320,AnimeFreak127
4321,Bobjones
4322,kokoro_412
4323,souske88
4324,FastnessofWheels
4325,Eikichi_Onizuka
4326,noppee
4327,Ardamaeus
4328,plutomutt
4329,Itoukaiji
4330,whoahyuu
4331,Sir_Lexa
4332,ipeka
4333,Lindle
4334,Muv-Luv-er
4335,My_Anime_List
4336,OrochiPL
4337,kiddygradelover
4338,trinitytiger
4339,Aria_Wright
4340,MasterXionic
4341,Animewolfguy
4342,Silverfan
4343,Veronin
4344,octal9
4345,Dawntiger
4346,lanceypercy
4347,chrisdas
4348,Hellhammar
4349,colorwander
4350,Jumendez-sama
4351,drevelation
4352,Biishoujo
4353,Angel_Beats
4354,thedarkfroggy
4355,axuma
4356,CodeXen
4357,WhichOneIsKirk
4358,Keirik
4359,gameboyja
4360,-Yumaol-
4361,Terminatez
4362,Typhor
4363,insoo
4364,bombay
4365,MermaidGalaxies
4366,macrofish
4367,Anniexo
4368,megancheung
4369,Death576
4370,astro-kun
4371,giraffe13280
4372,Tustin
4373,KonaKona-Chan
4374,Kimura
4375,Airitoizzy
4376,Mika_Inamori
4377,BEERxHyper
4378,Ricz
4379,captmalone
4380,Akiyama
4381,djmasturbeat
4382,Syndromic
4383,Edefrem
4384,blackstar44
4385,emishin
4386,Asrialys
4387,Leon-Gun
4388,Kannei
4389,MessageInTime
4390,Ramo_7
4391,Alterego-X
4392,Blind_Guardian
4393,batonik
4394,DarkAngelz
4395,thekoolkid93
4396,Malware
4397,ForsakenArcher
4398,Yukihara_Koyuki
4399,deadpool3943
4400,chriskin
4401,MEGATRON
4402,cyrurin
4403,MillaMaxwell
4404,desolato
4405,E2D
4406,KariRaiha
4407,RickRoss-Sama
4408,RaRitsujun
4409,Keyota14
4410,InfiniteGenesis
4411,amginex
4412,Wilusp
4413,Forest-kun
4414,Shirahoshi
4415,ShoryuRaiza
4416,darkevangel31
4417,Thedean
4418,Mikasa
4419,09890
4420,W1ND_
4421,Hmmmmmmmmmmm
4422,Artego32rus
4423,Onyxthegreat
4424,Beezheen
4425,Yowan
4426,LuciferIAm
4427,Gaming2
4428,Cyber_Ryoga
4429,Yakuri
4430,Seasonreaper
4431,Captain_GARlock
4432,CactusMaid
4433,Kappaka
4434,Whoo
4435,jagleny
4436,CurseDestiny
4437,Motion_Menace
4438,Rukaliini
4439,RavenlySadist
4440,Toxicwolf
4441,Ranzkin
4442,Motokompa
4443,etork0925
4444,Acrata
4445,rraannddoo
4446,willamalex500
4447,InfiniteDestiny
4448,Kokujin-kun
4449,Kumoshi
4450,LelouchZero
4451,guyklc
4452,Mr_DaftPunk
4453,guruguru19
4454,kiwigreeneyes
4455,apolloisfine
4456,Amberleh
4457,TheGreatWiseAss
4458,EtnaEraclea
4459,razorblade81
4460,Winter
4461,MisaTange
4462,Kayaba-
4463,TBOkmph
4464,ariamachi
4465,kirarakim
4466,sekida
4467,Aozure
4468,sillyker0nian
4469,Mikuza
4470,erialc
4471,Mystery-Dude
4472,MasterKingJC
4473,dante119
4474,hammerht
4475,Zubo
4476,ricardo241
4477,Averim
4478,soranotori
4479,Vizard
4480,Lauriet
4481,Sebulon
4482,Turb0_mugen
4483,LostGamer
4484,Kaji02
4485,Sanosuke420
4486,HyperCobaltMax
4487,FifthAveSensei
4488,MHCupcakes
4489,Exkalamity
4490,animefan22
4491,firebound12
4492,tembikai
4493,deykamol
4494,kleinerwolf
4495,War_lothar
4496,Sendoh08
4497,JesusMcAllah
4498,KingCez
4499,Salinga
4500,animedark
4501,Atikal
4502,game8910
4503,x5exotic
4504,Hassansan
4505,raulsems
4506,Demondante
4507,Detective
4508,ainthemix
4509,kruga27
4510,lloyd998
4511,fhqiihcy
4512,xTachibana
4513,RandyW88
4514,mayazansu
4515,ska-cze
4516,Cooperation-san
4517,Vortrex
4518,yamakasi
4519,Gedvuvdvjbch
4520,Ravenix
4521,mikhailn
4522,-Mika
4523,lucjan
4524,Vita-
4525,sirwence
4526,Kyuubey
4527,kenegda
4528,dtshyk
4529,ccc20
4530,_mahoushoujos_
4531,Han-yuu
4532,AlexGK
4533,MorningGlory
4534,w3b0shi
4535,allflying
4536,Nayrael
4537,TeNShIkA
4538,thegooseman
4539,georgi
4540,deishu
4541,PaninaManina
4542,RedBardIsCool
4543,Emprizzle
4544,MysticHrist
4545,Vla
4546,fertygo
4547,Crimrui
4548,Yexel
4549,PetalPierrot
4550,JellyS
4551,Dreadnaught_500
4552,eyerok
4553,GoodKid15
4554,yagamisignum
4555,bluepand4
4556,ringoo4
4557,Kurisu-chan
4558,eternaldarkness
4559,gregory003
4560,hanaiko
4561,stoneroy15
4562,Indonesia
4563,Eriis
4564,Ey_Malla
4565,Xylophone6888
4566,Shindaiyo101
4567,Tono-kun
4568,HanaNiina
4569,BasaraTheSlayer
4570,Tsukinoouji
4571,Banbanli57
4572,Natsuki1212
4573,Neko_Nozomi-Chan
4574,NeoFireHawk
4575,Atamaaa
4576,Dodecahedron-O24
4577,Sabinlerose
4578,Xehanort
4579,TrainerOfLegend
4580,EUREKAvSEVEN
4581,kaichiharu
4582,Maverynthia
4583,windy
4584,Waffocopter
4585,Night01
4586,Xardie
4587,kamina99
4588,Shin_Star
4589,KyonSmith
4590,Kratos_Ortega
4591,Adam_R
4592,-Shizuka-
4593,atashi_wa_baka
4594,knossus
4595,punkvolume1
4596,icegenie
4597,Jdthebud
4598,yamato8125
4599,avante
4600,Lirina
4601,jlc031
4602,Den-kun
4603,jonathanexp
4604,Tenchi_Ryu
4605,kido_xplode
4606,Gogetters
4607,randywmorgan17
4608,Styx0202
4609,Gingabeth
4610,Tensaiboy
4611,rejer
4612,JMV96
4613,underMebius
4614,Seta19
4615,KuroNeko1997
4616,j1toriko
4617,CrazyPerson23
4618,SuppleTears
4619,riot_riot
4620,Luciiax3
4621,hiromee
4622,GurenRin
4623,Jryou
4624,NightmareTala
4625,StreetFighter
4626,Scarmask
4627,canders5
4628,mdz
4629,TehYGuy
4630,jofori89
4631,Ishkur
4632,adamantine
4633,prants
4634,bskbob
4635,MegaNanoDeath
4636,lostmymusic
4637,Imai
4638,Beatnik
4639,Lvhina
4640,Jul3
4641,kokocho
4642,Linkark07
4643,SoraKuro
4644,TheLocalHentai
4645,lacie36
4646,Nayah
4647,alexander09
4648,AzureHakua
4649,yunfanz
4650,Ollyx2OxenFree
4651,horhecoolzz
4652,Sharli
4653,Arex
4654,isMusic
4655,Shiniblured
4656,hontobaka
4657,OrangePal
4658,mmachine
4659,ROOMA4HELL
4660,shuncchi
4661,LuminaFlare
4662,leggomymegg0
4663,Centent
4664,longshoremanX
4665,shiningforce
4666,Kosezu
4667,Kuro-san666
4668,animelly
4669,Shih
4670,prismheart
4671,Gandora
4672,mau214
4673,cupidarrow424
4674,saka
4675,MizuKagami413
4676,notsureifsrs
4677,TheAnaBanana
4678,Leafyone
4679,kkslider5552000
4680,mado_2ki
4681,Praland
4682,Myloxeth
4683,doodleplaid
4684,MarineFury
4685,Hotaru_yuki
4686,x15
4687,MasterJ633
4688,Yorozuya-GIN
4689,Gen2K_
4690,WoofSadaharu
4691,Jigero
4692,Furokuro
4693,nightastronomer
4694,Espio
4695,Xynz01
4696,Innskip
4697,Mystere
4698,Pessoa
4699,Pink_Ribbon
4700,Smochi
4701,artist-retired
4702,Hellobee
4703,karekanol13
4704,De-JaY
4705,_laz_
4706,Cowboy_Tanaka
4707,ParadoxCharlie
4708,gmgkng
4709,Kyzix
4710,TaquishaJohnson
4711,Eternal_Shield
4712,Schabrak
4713,Hinata02
4714,larethian
4715,Cho_Desu
4716,Robinamori
4717,AstuteOtaku
4718,Rosa_FOEtida
4719,-Vintage-
4720,RyuKirin
4721,Ribeyrolles
4722,neopriest
4723,Sacrifarz
4724,Josephl64
4725,cardtrick
4726,Nyron
4727,Universal_SheeP
4728,RachelB
4729,Hakoshi
4730,Fishcaek-Chan
4731,Just4Fun10
4732,ItsSoPringles
4733,Rawrsmus
4734,aadd88
4735,KuroLion
4736,Airglow
4737,kittenscats
4738,Valentiln
4739,Kvakond
4740,AL19
4741,Suzuku
4742,coderlan
4743,FearTheDarkSide
4744,Kagura89
4745,Explicitz
4746,GO_KLAC-IGER
4747,Sylpheed
4748,AriaLauraceae
4749,shellykanto
4750,Cashdax
4751,xlunedanslecielx
4752,FarAwayTimes
4753,Lightyear8684
4754,Niyari
4755,ddrcrono
4756,Hypeathon
4757,aznk93
4758,Ayumu5599
4759,psychokillua
4760,Anisamar
4761,Silver_ribbons
4762,Kyle
4763,Invensible1
4764,Yanoflies
4765,delaverno
4766,YoshikazuSensei
4767,Lawl_Lawlsworth
4768,yFSC
4769,motoko09
4770,AnvilMAn
4771,Dunkmaru
4772,lion_of_genesis
4773,cross0112
4774,roddypii
4775,PaulNamida
4776,LoveCat
4777,Vac
4778,SeventhMist
4779,vergilheartnet
4780,midorisora
4781,Squarebox
4782,AnimeRuleDWorld
4783,Kisuke32
4784,3eep
4785,rickyrock
4786,ChapsTheDuder
4787,Chavez
4788,BrickBreak
4789,rennasakura
4790,Megpoid
4791,Mexkyle
4792,Shwele
4793,MahouShoujoLain
4794,mangafreakZX
4795,LadyIchy
4796,BlackSnake56
4797,Eka
4798,UnfortunateLefty
4799,zewho
4800,FlowersAreCool
4801,chocolaetmaelk
4802,Kippy
4803,Neliei
4804,Hana_Ogi
4805,kartracer76
4806,Emily_Cross
4807,stevoke
4808,kanbikijanai
4809,zangetsukakashi
4810,LoginBonus01
4811,LiLSatania
4812,Seraphelki
4813,genshiken195
4814,takuku
4815,no-thanks
4816,Alchemistx4
4817,Jazze
4818,JoJo10
4819,Lalakoboldslayer
4820,Jenipa
4821,DenjaX
4822,Fangu
4823,niceguy2
4824,viral_hun
4825,losslesswings
4826,Ameko01
4827,twy
4828,CG
4829,Laurine_Andersen
4830,TripleSun
4831,Mingfang47
4832,MaipleLeaf
4833,-Katsu-
4834,Gleam_Queen
4835,badlander_vtg
4836,richmund12
4837,Edelweiss128
4838,Kaname_sensei
4839,RJay
4840,MrFreedomJustice
4841,W_K
4842,Hannah_Ana
4843,NijiiroSakana
4844,ReinXeed
4845,AnimeCrazyFan1
4846,donutsu
4847,Yonatay
4848,GrumpyFelo
4849,GuitarHero
4850,chan-chan
4851,lrdalucard
4852,BasakaNZ
4853,kero228
4854,en_____
4855,BloodyRoseWitch
4856,chiquit0621
4857,LalluOlen-
4858,Mimiko
4859,CallMeYourLover
4860,SabericLily
4861,lame-desu
4862,Paladin65536
4863,Duzell
4864,clipant
4865,Samu-tan
4866,smokes
4867,Vegreaper
4868,KanxHaru-chan
4869,velcom
4870,therubicon
4871,TheCbass
4872,Fatemoe
4873,ss4gojetanks
4874,Rozensky
4875,SailorCardKnight
4876,KirikaYuiko
4877,Ame-Sama
4878,shadow-ookami
4879,Lustreless
4880,outlawauron
4881,DestinySora
4882,CrystalLake
4883,DreDog
4884,DevMotives
4885,Racaholic
4886,whalegatorz
4887,Pyapi
4888,Kaio_
4889,Yemi_Hikari
4890,Nepheloh
4891,Britannian
4892,chris-yang
4893,Zenoxio
4894,rainsmew
4895,UNExistence
4896,KurotoHourai
4897,PseudoJord
4898,SuperSaiyen
4899,Nameles84
4900,dreiak
4901,rambelin
4902,Anonyneko
4903,kasumisama
4904,ese675
4905,kimmyt
4906,botch
4907,RyanBebop
4908,AutumnFlower
4909,goral
4910,fumino_kaji
4911,Alexeon
4912,Buzeru
4913,Axle_Starr
4914,deathbysuarez
4915,Chenoan
4916,tensainobaka
4917,graemegier
4918,AresI
4919,Moonflowerer
4920,darkflux
4921,Hias
4922,Twee
4923,SkyWyvern
4924,ShojoSamurai
4925,Wiriamuzu
4926,entropy13
4927,Corpse69
4928,Calliisto
4929,blackhat1993
4930,leonardputra
4931,AgonyOfTheGarnet
4932,herox3
4933,CRXTHRASHER
4934,yogone
4935,xaxagrr
4936,NecoDelero
4937,asew143rqwrsf
4938,clearbrite99
4939,aksdmklsmalas
4940,alexvoda
4941,skygtr
4942,Raghadal
4943,pucelle
4944,Rand0mless
4945,AngelRin
4946,Cookingboard
4947,ange10
4948,NoirFrost
4949,OShoranO
4950,dragonmagnus
4951,Nimed
4952,jjihhye
4953,inn0centdem0n
4954,d3stinY
4955,KenseiRyuzaki
4956,Infernra08
4957,arden_ruales
4958,Zinvy
4959,-shinigamikid-
4960,gswelcome
4961,Shdwfalcon
4962,blackwarr
4963,kyon91
4964,CharryStar
4965,kaimax
4966,skriticos
4967,dinho
4968,bdxcr
4969,mrriichi
4970,Naivette
4971,Akimoto_Kimura
4972,neverLamp
4973,onatu
4974,MadKazumi
4975,PRESSit
4976,Rizzle
4977,villains
4978,Lyfa
4979,Eneeli
4980,Aaron44
4981,Chibi_Elric15
4982,Exiledraven
4983,sajuuk
4984,Mephz
4985,fri
4986,Bookkeeper984
4987,ladyxzeus
4988,JDarg
4989,Nandor
4990,Vegaplus
4991,Burningsirius
4992,willyvereb
4993,Musanka
4994,siokan
4995,Tunnel-Lights
4996,Zepwich
4997,Sakata-san
4998,Jigsy
4999,YTKGemini
5000,Vadimych
5001,Aika
5002,darksmiley
5003,FrenchieV
5004,AtaruLum
5005,MXMach
5006,icekatana8825
5007,elasalle
5008,daina_kanata
5009,MomoHime125
5010,darkcrescendo
5011,CNeto
5012,-applejack
5013,Prizkilla
5014,Palvati
5015,ArcticMech
5016,kevin_video
5017,Konfig
5018,FullMetalPrinny
5019,Emmet
5020,LovelessDoll
5021,SenRyo
5022,Hybrid00
5023,Azphix
5024,supersayen
5025,FallenHope
5026,TsundereRic
5027,Reksho
5028,Severus_Grey
5029,SundayThe19th
5030,hirahira
5031,ukonkivi
5032,Mony-Chan
5033,Kyappy
5034,HawthorneKitty
5035,MN_22
5036,Yami-chii
5037,isisfy
5038,BloodyFate
5039,Alipio
5040,icycoldpepsi
5041,Colin
5042,Makunouchi_Ippo
5043,Rudgald
5044,BishounenTatsumi
5045,Kemosabe
5046,edeswen
5047,LoveEnmaAi
5048,graysky14
5049,j2ther
5050,CakeRabbit
5051,Aurao
5052,SagaraYuzuru
5053,Superdee
5054,Resewnio
5055,Durack
5056,NOTORIOUS-ro
5057,OfThought
5058,kurochaos
5059,Toost_Inc
5060,-Naami-
5061,kyokai
5062,katsup
5063,biakudryavka
5064,rccompton
5065,MochaMongoose
5066,ShadowBlazer3000
5067,Etheron
5068,Gonee
5069,ketan
5070,Black_Raven
5071,lafuria_sux
5072,Prashantlogan10
5073,Naratchi
5074,xilam
5075,darknagas
5076,SilentVoice
5077,Damonashu
5078,NiKi
5079,aksdldew3
5080,KaminaKai
5081,TSX
5082,sakR9
5083,noisysound
5084,Golden_Dream
5085,Wildman
5086,ReaperEXE
5087,zeroj
5088,SeriousAsahina
5089,bleeb
5090,SunyiNyufi
5091,dubird
5092,SoneAnna
5093,Celestz
5094,Eiko
5095,Relunx
5096,checkdafool
5097,piikopoko
5098,iKaity
5099,MozARDe
5100,hmfan24
5101,wakka9ca
5102,silenteve
5103,Master10K
5104,Purplemanatees
5105,Kyon2570
5106,vedicardi
5107,Nao-stani
5108,superchan
5109,nugger
5110,KyunVampireGirl
5111,robfoster
5112,Fafiq
5113,stunt_crazy
5114,chibiangel_chan
5115,Dax
5116,ShinXP
5117,Morgoth13
5118,ziggy-stardust
5119,raimiala
5120,Ryouzenpaku
5121,neow_neow
5122,Suzimiya
5123,Tenks
5124,Madoushi90
5125,Alby
5126,Washu-Chan
5127,MikamiTeru90
5128,Hiyonin
5129,sorcente
5130,FaLT
5131,LobsterRyoma
5132,Echelon
5133,Nehver
5134,hasyly
5135,AugmentedTurnip
5136,Saitoe
5137,UrbanScythe
5138,jekk
5139,Asako
5140,nekodark669
5141,Mariejoanna
5142,Admetus
5143,mastertek
5144,PrincessLove
5145,Nnnexus
5146,sai_24
5147,MyAmy
5148,adamantiumloz
5149,hauptg
5150,Opal_Shrike
5151,Morok
5152,xsoccer92x
5153,idoru
5154,Reironie
5155,KamiyaShinji
5156,Xassite
5157,kuroshiroi
5158,Roygbiv
5159,-Spooky-
5160,rabids0ap
5161,animehawk8504
5162,EarthStar
5163,amukid08
5164,NobleSavage
5165,Jen9204
5166,JiakBaKaEng
5167,SLIPLV
5168,ki_
5169,EliteNEET
5170,mirichan00
5171,pietel
5172,TheNemo
5173,Jacut
5174,EinTheVariance
5175,whiteday26
5176,zenoslime
5177,gibberishuser
5178,Usami-Haru
5179,RimiRin
5180,Nikko-chan
5181,Mimi_Taylor
5182,bentonjerry
5183,spibus
5184,Fight4Glory
5185,Evanna
5186,Ida
5187,Maaku
5188,HanzoMittori
5189,Onikukki
5190,kopstudent89
5191,Nia9001
5192,robwar
5193,AkariHolic
5194,Pumpernikkeli
5195,Ilyaoh
5196,Psychodrake
5197,Stb1990
5198,Ahojcookie
5199,BigKwell
5200,Dr_Jan_Itor_List
5201,sayian
5202,Ishmael
5203,Obsessive
5204,Remus_Lupa
5205,CrimsonMidnight
5206,Lone_Viewer
5207,KazeFalcon
5208,kimmiechan
5209,Cygnus428
5210,Skyuser
5211,Maximatum99
5212,smash
5213,icedkohee
5214,katzenjammer
5215,BRabbit
5216,TsukikageRan
5217,lawfer
5218,Zaroff
5219,alcurad
5220,Lukas2
5221,midgemage
5222,Morrigan31
5223,Aishia
5224,aaaaaa112341124
5225,Kantarou
5226,seishi-sama
5227,Hakumen
5228,EtherSword
5229,KimchiShop
5230,occio
5231,enixela
5232,daydreamrose
5233,bbobjs
5234,dougmelon
5235,PlatinumHawke
5236,Estoy_Gordo
5237,CDRW
5238,Katsuki
5239,Evangeline02
5240,Chai_
5241,StriderMS
5242,tehnominator
5243,raitoningu
5244,xerickkingx
5245,Nagashi_Nine
5246,Iri
5247,MonsterOtaku
5248,francismeunier
5249,shion16
5250,UltraZatch44
5251,VelvetEris
5252,Kanaris
5253,ArnoldK
5254,Velcor
5255,Sillya
5256,Cosake_Solrac
5257,LemonLyme
5258,KWabbit
5259,TadloS
5260,Junior
5261,ralphy0103
5262,Wingmar
5263,cncfan
5264,bottle
5265,Morticon
5266,shujan
5267,wabowser
5268,Nammy
5269,Pw3age
5270,breadstick
5271,oceanchan
5272,omimon
5273,greenmush
5274,Hana-kei
5275,elsey951
5276,Crani
5277,108s9001
5278,Riddos
5279,Vinhsterrr
5280,Deleted6938
5281,Salazar
5282,H_Sayan12
5283,makio-kun
5284,JP_rNr
5285,Shancakeschan
5286,Sweetlollipop
5287,renjikuchiki1
5288,zzzfdfdsfsdfafs
5289,Jrittmayer
5290,GulfStandard
5291,Slykain
5292,f-zero24
5293,tattahitotsuno
5294,Eitra
5295,Opine
5296,AirStyles
5297,Aznmobzz
5298,Metty
5299,tsuD
5300,fivey
5301,feder
5302,rachelcabbit
5303,Kira01
5304,VEE
5305,dPsychc
5306,MasterOot
5307,TwoSoxs
5308,Kajino_P
5309,BadLuckTuck
5310,Tachii
5311,Animegal9215
5312,rostern
5313,mimiron12
5314,aoigensou
5315,Kyo_Kagami
5316,DingDingDong
5317,BusterMachine0
5318,Meerkat
5319,ilhoon
5320,LovelongSought
5321,Rafira
5322,yakisobapan
5323,MissSuzyBear
5324,show1222
5325,cyruz
5326,soymilkyy
5327,olmecalmighty
5328,seiyu
5329,AC1D
5330,bokami
5331,tanjx
5332,Fizzybubblespop
5333,CreamyVelvet
5334,YoungVagabond
5335,tsrobinson115
5336,Biofoxx
5337,asianlilyflower
5338,Sorasan
5339,japanese_god
5340,HaiAlwaysHungry
5341,martin03345
5342,Jaica-jeN_
5343,Squirrelpaw4970
5344,biitchstick
5345,Daigoji
5346,SilentMuse
5347,Scynt_Skunk
5348,BloodyPrince
5349,olivesandwax
5350,zaberiel
5351,Chimichoco
5352,Mercurio
5353,Ahepwmfnw701ja
5354,Raitora
5355,BokuSatchii
5356,Firey
5357,GOKU_NO_SORROW
5358,DragonsWhip
5359,iETHAN
5360,red_fang
5361,Pandaman0529
5362,Chidashi
5363,KrylonBlue
5364,HikiganeYubi
5365,OmegaRFox
5366,flusswest
5367,KillthisAccount
5368,TranHere
5369,Lonareas
5370,Iahel
5371,hot
5372,D_S_Bach
5373,StarSidereal
5374,irhk19
5375,owell11
5376,ArtRodriguez
5377,Brick-Frog
5378,Manolopt
5379,MateusFogaca
5380,silentknight0083
5381,Roxkis
5382,DeathHormone
5383,hinotoriii
5384,Toadounet
5385,Skurd
5386,Tabibito-san
5387,Somnia
5388,TiamatBunny
5389,Static
5390,makimaki
5391,Sunao
5392,seif
5393,Unregistered00
5394,BlackAssassin
5395,carmabeLLe
5396,Takuya-kun
5397,Spirit1234
5398,bialovesanime
5399,tttm
5400,hypertreb
5401,simplyme
5402,kirby
5403,virgo_sama
5404,Kazunga
5405,Bakayaro
5406,Phrosh
5407,chibuki
5408,Alexstratz
5409,gioss
5410,dawnwan
5411,nexist418
5412,Kyora
5413,SchnickelFritz
5414,CrimsonRain
5415,metalsnakezero
5416,mitamaking
5417,Greorgy
5418,iamthebird
5419,Steelix
5420,Takai
5421,Anomalous
5422,llxwarbirdxll
5423,animedreamer
5424,shaku1347
5425,Led_Wayline
5426,TEH_GEASS
5427,Animefan710
5428,Cookie-chan-
5429,BlueYoshi
5430,huyyy
5431,Neverender
5432,Kalamee
5433,nseika
5434,Katbot
5435,rlxme
5436,LucySky
5437,Sakimichi
5438,MagicalEmi
5439,turkeymeister
5440,SenzuriChampion
5441,Nanoha
5442,Sii_Kei
5443,vault2049
5444,VK11
5445,ummyeah
5446,mitayashi
5447,Gin-iro
5448,PhillyFlash
5449,Bluesnow
5450,panda_general
5451,yunadestined
5452,Sohei
5453,Boursk
5454,cabaret
5455,atlantiza
5456,Sinari
5457,Foton
5458,Plate
5459,KawaiiObsessive
5460,Leah
5461,fdssdfdsfsf
5462,ilikewhiterice
5463,CCZilla
5464,progia
5465,Ephidel
5466,Sonata_
5467,internetotaku
5468,Overeager2672
5469,Isabella
5470,bubbles20
5471,Sandgolem
5472,cascady
5473,kisami
5474,Koko-Bear
5475,Vin-nii
5476,eRe4s3r
5477,rebwaters
5478,wesley96
5479,Mink
5480,atruong18
5481,Risami
5482,yumiche
5483,Scud
5484,FukouDa
5485,loplop
5486,johnnyd
5487,avrc
5488,Kyon97
5489,Kuronoa
5490,Rweck
5491,windstar
5492,kenny35
5493,manasteel88
5494,grendelity
5495,dawnferra
5496,SNDK
5497,Cello
5498,infiltrate
5499,Kino_no_Tabi
5500,Colorfusion
5501,sanjica
5502,southdkotaboy
5503,J-970
5504,Talon
5505,slayer545-sama
5506,MintBlanckz
5507,Icy-nee-san
5508,YourMessageHere
5509,Pewdie
5510,Mitnick
5511,ManU-Alchemist
5512,Sephor
5513,Turbe
5514,Mr-Prince
5515,MischiefMaverick
5516,Jeffusz
5517,supahkawaii
5518,theanimeis
5519,Yana
5520,LoveWifeLunch
5521,Issun
5522,Absolutely_Steve
5523,Xyik
5524,November3leven
5525,Skoki
5526,-NoX-
5527,raysel
5528,Sharpen
5529,Arkhan
5530,Serenti
5531,StephanBlackhawk
5532,moedea
5533,bks82
5534,darth_lex
5535,asandari
5536,HappyPear
5537,helraiser
5538,Nipkis
5539,Kawada
5540,quicksilver111
5541,ChibiMilly
5542,Akaboshi
5543,SY_IS_DEAD_IRL
5544,VampShadow
5545,Joni-Carrigen
5546,seemmeriast
5547,Zeino
5548,nihil
5549,Poppinfloss
5550,pra
5551,Plun
5552,Batmanfreak
5553,flix02
5554,Liquid
5555,Kiseki
5556,Sick_Bastard
5557,iloveboobs
5558,VioletRebellion
5559,Kouta
5560,GendoIzumi
5561,ZinnKid
5562,Ryuga
5563,YoshikoHatake
5564,lostsoul
5565,grapeofdeath
5566,Ravenhood
5567,dumbasatri
5568,NoyaChan
5569,alarmed
5570,Straw-Hat-Matt
5571,LazyMan
5572,av03
5573,SoraKing
5574,DinaraC
5575,Fortua
5576,Ingling
5577,eLiT3_
5578,Annisa
5579,icecreeaamm
5580,Doom_Kiseki
5581,AccountClosed
5582,adje
5583,kin-chan
5584,Allek
5585,iTom
5586,LavenderCourage
5587,ragnorocker7
5588,011253
5589,dapenguin
5590,kohitsuji
5591,mawata
5592,skadigaming
5593,SuzuFop
5594,akuma2002
5595,Kuyu
5596,Aisu
5597,tainteddonut
5598,Rojada1988
5599,Warll
5600,xxjanism
5601,linnah-chan
5602,PeanutSteak
5603,TheDrunkenShadow
5604,LeNyn
5605,NabeShogun
5606,mandoric
5607,prasand
5608,Ryushi
5609,Nuge
5610,jaydel
5611,Happy
5612,kyouhansha
5613,Davison
5614,accela
5615,Frostman
5616,chcknutsck
5617,Dragoness57
5618,Lil34
5619,YumiKirei
5620,rutix
5621,stayatari
5622,Drybananna
5623,Hooplas
5624,kachosen576
5625,Ben
5626,renegade
5627,Kayro
5628,AnimeAlchemist06
5629,harakiri
5630,EmilyFalcon
5631,MistressRip
5632,bluestarangel
5633,Mana___
5634,SteamPunk4Me
5635,Infernal
5636,SuiDream88
5637,magentaanbu
5638,EmeraldWolfChild
5639,Krelian
5640,Xak
5641,Tasura
5642,cr4sian_phil
5643,Thrilla2k10
5644,ianmessku
5645,zanmato666
5646,UltraTien
5647,kikimaru024
5648,JadedAnimeLady
5649,Kismet_
5650,DeimosFormido
5651,Volkova
5652,Zel
5653,SwordWielder
5654,Trotts
5655,Kajisight
5656,sifma
5657,clc
5658,i_died_the_end
5659,Shion-chama
5660,AnimusNathan
5661,nikwad
5662,sfx-rayzel
5663,yokokurama91
5664,Icespectra
5665,Coatlicue
5666,Crystal
5667,zq
5668,Juliab
5669,Purjoloek
5670,ayaseyue
5671,kurotsuki
5672,Saks_Byenara
5673,nikolai_131
5674,Siing
5675,Syanaide
5676,dbzcri
5677,pyroxerberus
5678,shigures_editor
5679,Neferium
5680,Anaraine
5681,kei-clone
5682,tobruk
5683,DigimonTamer
5684,Sumiregawa-kun
5685,AegisReborn
5686,izikiel
5687,Purin
5688,HBFB
5689,Rybar120
5690,DimmuBorgir
5691,Yuunagi
5692,nekdolan
5693,Legion17
5694,Mad
5695,Ranivus
5696,Gendo
5697,Shurtugal
5698,togami
5699,ImSoInactive1
5700,x0x0
5701,OriginalName
5702,DronMitron
5703,Emptyk
5704,saizo6
5705,Hoop62
5706,Brand
5707,ReverseHarem
5708,Where0Meets15
5709,shuchung
5710,Kelissa
5711,Entropy--
5712,Zirgo
5713,Ceray
5714,Bondius
5715,winsonkoh
5716,Darkanger
5717,Chelle
5718,mistress_reebi
5719,jobocan
5720,25letters
5721,Miriette
5722,yuuko
5723,Faust721
5724,Sobzob
5725,Instant
5726,Nostalgia
5727,Megadedhed
5728,brockshadow
5729,Haoji
5730,Washi
5731,MaliciousH
5732,banchan
