user_id,username
1197,__Aka__
1826,__EyeCandy__
1169,_-_Sally_-_
3305,_abhi_
3577,_Aki
374,_Ako_
960,_AnimeLover__
3484,_Berserker_
2826,_DeStRoYeR_
1390,_Ganji
3218,_Ghost_
1881,_hashira_
3635,_Hatsune
3148,_kukiyomenai
453,_kumikko
4705,_laz_
3327,_Lucy_
4530,_mahoushoujos_
41,_MushiRock11_
1266,_ocean8_
1585,_olimpio
2054,_Pingu_
4190,_RaiOh_
1250,_Shiroo
1795,_shizukku_
2273,_Spectacled_
37,_untitled
1439,_Velo_
3256,-______m-
1815,-_-Senpai-_-
1929,-_-Val
2482,--ALEX--
2072,--l--
1936,-Abhishek-
5012,-applejack
3079,-Bass
2204,-DaMo-
1446,-Ecliptix-
3339,-fefo-
2300,-fujo-
2409,-HippySnob-
597,-Hotaru_
1376,-Humphrey-
314,-Hyunckel-
4033,-Iwasawa-
1299,-Joelle-
3556,-Karoshi-
4833,-Katsu-
3903,-Kazu
1062,-Kei_
3630,-Kenshin-
3817,-Koyuki-
19,-LG
2267,-Mahesvara
2659,-Mihairu
4522,-Mika
1296,-miraii
5060,-Naami-
5526,-NoX-
2457,-NoxHex-
2070,-renn-
1770,-Rogue
3892,-Ronin
1978,-Sabre-
3417,-ShadowClaw-
3534,-Sharif
4959,-shinigamikid-
2673,-Shinrei-
4592,-Shizuka-
5159,-Spooky-
4719,-Vintage-
279,-Y4n_chan-
4360,-Yumaol-
1055,-YUMMY-
970,-Zeni-
909,0_0TiTAN0_0
4085,0-fu_k-giver
5588,011253
117,0451
1360,0921mhmd
4419,09890
337,0arche
2547,0bsess
1600,0Toph0
1059,0wari_4nime31720
5277,108s9001
3561,10makunn
540,10studio
4021,161
153,16bitsDreams
2221,1CodeWarrior1
1389,1kirby2kirby
3780,1L0can0
565,1muhlis0x1t
1534,1xa5
1746,20meu21
492,210200
952,23_enjoyer
1292,23feanor
5720,25letters
903,27CansOfTuna
464,28012001
4301,2Kalt
1485,2Pachinko
1460,2WENTY1
2432,3445566
4784,3eep
1180,3hearts
316,3inPunisher
3099,404Fox
443,40826DToothyCow
1313,420LoliPolice69
1225,565768
2945,5shin
2560,64BitRatchet
659,69S7B4A5A
1536,7kaneki7
2365,84DaysWithout
2596,88expert
2866,8oomer
4100,92aqua
4091,9988
2555,9Q
2118,A_Blue_Weiss
2424,A_Lonely_Jedi
2186,A_silent_Being
753,a0i-kun
5224,aaaaaa112341124
2088,AACBA_13579
4734,aadd88
2398,aaron1717
4980,Aaron44
1361,AaronSwift
999,Abellister_15
543,Abendsegler
2493,aberdream
3478,abg
4049,aboe
4102,abrams
5522,Absolutely_Steve
213,Absurdo_N
4237,abugroza
3215,Abunai_Shadow
3570,Abyhape
829,abyss_will
3590,abystoma2
3725,AbZeroNow
5329,AC1D
116,AcbSnakeDemon
5614,accela
574,AccelorderCanon
5581,AccountClosed
103,AcD4c
2124,Ace_Card
3210,AceNezZ
3865,aceoflife
1664,Aceylor
4057,Acinonyx
4444,Acrata
898,acsenpai13
4591,Adam_R
135,adam2131
4632,adamantine
5148,adamantiumloz
2724,AdamDCampbell
786,adamirizarry06
893,Adampk
428,Adarn
129,AddaeAkono
2829,AdeptRK
4228,Adieu
2890,AdiiL
2051,adipati_sepuh
5582,adje
3537,adkascagefsaf
5142,Admetus
3082,AdmiralKizaru98
20,Adnash
3109,AdolLink
3600,AdolTheRed
308,Adoraaa
3361,AdorableGoblin
2404,adorablez
393,Adriannitro
5685,AegisReborn
2282,aella_antiope
2731,aenews
320,aeronamii
2433,AeroSN
3764,Aerostar
720,Aesil2x
666,afiqahahahahahah
669,Aftab007
4112,AfterGlow
595,ag53
3145,Agafin
897,Agelastus
2952,Agent-Phrank
3633,Aggron
4931,AgonyOfTheGarnet
1759,AgravityBoy
1970,AgusA
2764,ahan20
2049,Ahashesh
1223,ahctpac
2503,Ahenshihael
5353,Ahepwmfnw701ja
561,Ahkrin
921,Ahmad8626
3581,Ahmer
615,ahmm1122
5198,Ahojcookie
2925,Ahoy_NATO
1365,Ahsan_1
1805,Aiaigasa
985,Aidan
53,Aiimee
5001,Aika
2967,aikaflip
3521,Ailly
1634,Ain-san
3067,ainky
3410,AiNoHikariToKage
4508,ainthemix
4117,Air-Dragon
3889,AiraKT
3177,Airenee
4736,Airglow
4375,Airitoizzy
3197,AironicallyHuman
5296,AirStyles
5223,Aishia
5596,Aisu
3411,aiueowave
272,Aiyele_Ahiru
391,Aizix
2992,ajames123
1373,AjaxAscendant
1190,AjiX101
1267,Ajvisor
5542,Akaboshi
1163,AkahitoMarugera
3951,Akamatsu_Jun
3727,Akamitsu
5193,AkariHolic
984,AkbarSenpai202
134,AkeZZZ
694,akfakamli8
4254,Akichii
631,akihikosama
2704,Akihisa
1567,Akiko_Masayoshi
4971,Akimoto_Kimura
4300,AkinoBlade
4182,Akitso
4380,Akiyama
4123,AkkaAkka
859,AKOSAYNI
4256,Akosss
5079,aksdldew3
4939,aksdmklsmalas
1221,Aksyahh_
271,aku_mado
5594,akuma2002
731,AkumaNoMegane
4740,AL19
1595,Aladin36
75,Alan_Animefan
1694,Alanbutternubs
968,alaneCN
5569,alarmed
1191,albertbrown
1252,AlbertoRaccoon
5125,Alby
2564,Alcanes
4816,Alchemistx4
1977,alchimique
1848,Alcoholicide
5219,alcurad
950,Alessio_Jackman
4647,alexander09
2071,AlexandricLeo
4911,Alexeon
4532,AlexGK
1604,AlexPaulLEWZ
4296,AlexSadist-sama
5408,Alexstratz
3944,AlexTheRiot
4940,alexvoda
774,alexw1020
1214,Ali_ahmed12334
2720,Alice_BRabbit
1370,Alice0006
3439,AliceInOtakuland
2795,alidaye
5039,Alipio
3438,Alittan
1725,ALittleBitofJean
3116,Allahakbar
5584,Allek
1290,Allen90
2854,allenjke
3784,Allenkilla1
2843,AllenVonStein
4535,allflying
2631,Allitheweeaboo
2029,AllMightY
3899,Alloran
3247,Alluka-Chama
1337,AlMiraj
3368,almostnoob
4040,almozayaf
3776,Alpacaman
825,alpha_shadow
277,Alpha-Nine
228,alpo42ab
3077,Alsene1412
2279,alterafterglow
4391,Alterego-X
1563,AltinaLee
3001,AltoRoark
1888,alukard108
2048,Alvarox131
3756,Alycen
2459,amakki
304,AmanoDaichi
95,amarcioz
2726,AmaTenshi
2849,amateur
1670,Amatniki
3553,amayih
4456,Amberleh
1495,ame-furi
4877,Ame-Sama
4826,Ameko01
61,Amer_Sensei
1802,Amer2703
4411,amginex
2611,Amiluhur
142,AmirKazeXD
6260,amjad
236,AmnesiaToker
3625,amoney46
1248,Amorousu
1724,Amour95
5163,amukid08
931,AnaBell9
785,Anago23
5680,Anaraine
980,AnchientProphet2
736,AncuL
1203,Andan210
2251,Ando
505,andragosha
1430,andreariona
1247,Andrekrep
2986,AndrewR42
1665,Andriwll
2294,Andromeda
2638,Andy_REV
3828,AndyRayy
2042,anemonespotte
3916,Anepg
4947,ange10
4353,Angel_Beats
638,Angel10016
4105,AngelHana
1102,angelhart
3423,AngelicTotoro
3749,AngeloidChaos
1294,AngeloMC21
4945,AngelRin
3923,AngelsArcanum
582,Anggi14
3193,AngKear
1840,Angry_Anime_Nerd
2665,AngryPotato34
2386,ani147
416,ani2016
1941,Aniebaw
1790,Anifemale
1293,Anihunter91
923,Anika05Suki
4004,animan7
4225,Anime_Freak_0101
2677,anime_lovy
69,Anime_Luv
4133,Anime_Name
2196,anime4ronin
3605,anime90
5628,AnimeAlchemist06
1804,AnimeBW
4845,AnimeCrazyFan1
2234,AnimeCreed
4227,AnimeCrusader
4500,animedark
5423,animedreamer
3970,AnimeEmperor
169,animefan0071
4490,animefan22
3050,AnimeFan500
5427,Animefan710
4320,AnimeFreak127
5311,Animegal9215
4058,AnimeHAwk616
5161,animehawk8504
1834,ANIMEHOES
3768,AnimeHonor
1602,animejas
4668,animelly
2224,animelover1999x
381,animemaster819
612,AnimePedestrian
1761,Animer_man
4782,AnimeRuleDWorld
3608,animeruler1
3020,animesavor
270,AnimeWatchTower
4341,Animewolfguy
862,animexxi24
689,Animillion
5660,AnimusNathan
1902,AnimusPrime
4760,Anisamar
2075,Anise_Punter
1557,Aniyae
1308,aniyeong
881,anizawa89
2878,Anjim1989
1928,ankita36
2897,annahthecompozer
2954,Annhime
6244,Annie
4367,Anniexo
5578,Annisa
986,Annisa_15
5421,Anomalous
3458,Anon1409
2266,Anonymuz
4902,Anonyneko
1022,anooettoo
3767,another_anon
1404,Ansh2004
2218,Ant161718
2210,Antagonized
406,Antanaru
2852,anthenarutofan
3992,antibiotictab
139,antonn
3743,antonnn
2183,AntwanMantilla
4770,AnvilMAn
1878,AnyaKittyMeow
1240,AnyGoSusanghan34
4006,Aoboba
5314,aoigensou
4467,Aozure
1959,AP24
1713,ApacheSnow69
1520,Apakabar
4218,Apdo1
4222,aphrodi
131,Apichua
1042,APKGOROLINKS
790,apklia
2257,Aplope
4455,apolloisfine
719,Apratim
796,APThunder
4185,Aqua_Marine
1367,aqua_yeagerist
1730,AquaMercury
2653,Aquamirror
3273,AquaWateria
3303,Aqutan
4258,Aracia
2302,Aragons
2991,Aramati
2169,Araragiri-san
2836,arashichansenpai
429,Arata2014
961,AraumC
4122,Arbalest
3147,Arcamion
3921,Arch_fenix
1171,Arcona
5015,ArcticMech
4037,Arcxiv
4327,Ardamaeus
4957,arden_ruales
1960,Ardis160
4918,AresI
4653,Arex
1516,Arghost97
4339,Aria_Wright
3443,Aria-da-Capo
715,aria-dreamer
4748,AriaLauraceae
4464,ariamachi
160,AriaTheCat
3284,Aridus
1982,Arillion
1638,Arin-san
2774,Aris18
199,Arisaeve
1322,Arjuna777
1188,Arkado
3555,Arkenh
5529,Arkhan
340,arlesakura
128,ArlindoFrancisco
3836,arlulez
1157,Armados
5253,ArnoldK
2735,Arrosyid
2092,arrowsofjudgment
2139,ArrRti
699,Arska551
2002,arsonal
4422,Artego32rus
2188,ArtG1
1053,Arth_32
1436,ArthurLopes
3731,ArtimesGamer
4701,artist-retired
4116,Artix86
5376,ArtRodriguez
4224,Aru_
2123,arubaro89
1391,aruisraaa
305,arvin_1219
5139,Asako
5535,asandari
3366,asdlolxd_
4937,asew143rqwrsf
1067,ash_utosh
299,ashe
3946,Ashen_Miko
1461,AshenWish
1413,Ashhk
4263,Ashi-nyan
3139,AshitaNoJonas
2283,Ashureechan
5337,asianlilyflower
291,ASinfulPersonage
2537,Askorti
221,asmita_san
4386,Asrialys
892,assertivemale
2974,asstomouth
1618,astra_moon
4370,astro-kun
3320,Astros
609,Asturaetus
739,Astute_Anime
4717,AstuteOtaku
4575,Atamaaa
5004,AtaruLum
4593,atashi_wa_baka
2880,Atavistic
4501,Atikal
2229,Atlant
754,AtlantaRiddle
5455,atlantiza
1289,Atlos
1137,atool
278,Atoom1911
2227,Atr0cither
470,atroxeus
5480,atruong18
1998,atryda
716,Attackonfiller
2020,Aubzstein
5135,AugmentedTurnip
5051,Aurao
2821,AuroraWGrice
2687,AuroraWolf
797,auspayday
4908,AutumnFlower
3967,auzile
5572,av03
282,AvalonChecklist
4599,avante
3688,Average-Jo
941,AverageMangaRead
4477,Averim
3110,avidal99
3495,AvihayAnimes
292,Avitalice
5487,avrc
2239,Awesomecake
1530,AwkwardVist5333
554,AwNoodles
1696,awtism
2695,AxBattler
4913,Axle_Starr
4355,axuma
4260,axzie
746,Aya174
2337,Ayam_Goyeng
5670,ayaseyue
2106,Aymaf
2147,ayumiis
4758,Ayumu5599
1156,Az-Az
855,AzafuseKingTora
4255,azeriraz
2937,Azizbapora2016
3761,aznabelcharzz
4757,aznk93
5297,Aznmobzz
5023,Azphix
225,Azuchi
1691,AzureFlame64
4648,AzureHakua
1229,Azureii-
3283,azurexsky
3559,b00moscone
3407,b1GZZ
3857,b4
997,Baahudoda
1429,baby_minu
1610,BABYH0TLINE
531,BaconAddict2
399,badabass
1733,badAZbuddha
3929,badgerkins
4835,badlander_vtg
5309,BadLuckTuck
3913,BadMediaKarma
3078,badwolf45f
2418,bahamutns
2864,Baio-kun
2628,Baka_Debakar
2948,bakageyamakun
2801,Bakarlos
5405,Bakayaro
1273,bakiomari
6,Baldito
2722,Balthier14
1849,Bambang_Tri_W
4571,Banbanli57
5732,banchan
2019,BaneofKermit
3178,banhbaozi
3569,Banshee-IV
819,Bard_Eren
3089,barmar
590,Barry_Allen_14
1985,barthes8
4852,BasakaNZ
4569,BasaraTheSlayer
1505,BasicWitch
1262,basspig
1226,bassyey
196,bastek66
5552,Batmanfreak
3644,BatoKusanagi
4393,batonik
3685,BayoMayCry
5233,bbobjs
3641,BDProductions34
4968,bdxcr
3901,Be4st
3551,BeastDragon
4638,Beatnik
4211,BeautifulDuwang
4156,beaver8
2104,Because123
1126,Beepern
4377,BEERxHyper
4424,Beezheen
3573,bele88
4235,Bellebellabell
5625,Ben
3166,benjamink
2089,BenRyan
5182,bentonjerry
724,Benx2019
4203,bereta002
4131,bergil
887,beritahitz
702,BerriesSan
530,Berry-Vodka
2462,BestBoiEren
1368,betaweeb
3582,bethelwho
183,bewareofhisoka
3536,BFizzle
624,bhakiagjunfi
1202,bhaktivinoda
188,Bhanu_LAW_196K1A
1609,Bhaskar_Singh
2960,bhei0816
934,bhuvahh
5063,biakudryavka
5398,bialovesanime
3087,Biasa
1372,bibzu
1107,Bidoof_PMD-EOS
1967,Big_Boss_13
2766,Big_Gammy
353,BigFatMax
2759,bigivelfhq
5199,BigKwell
965,Biglulu
4352,Biishoujo
622,Biisoo
5344,biitchstick
1457,BilboBaggins365
2896,Bilgamesh
5336,Biofoxx
3576,bioober
3985,bippo
242,BipulGamer07
801,Bird
189,BirdyTheMighty
3208,Biser
256,Bishakh
3886,BishoooDuck
5044,BishounenTatsumi
1765,Biswa_29
3013,bittersweetlove
780,Bjeker
5533,bks82
618,blabling2
5070,Black_Raven
3242,black1blade
5394,BlackAssassin
3447,Blackbird
2034,BlackCicero
4929,blackhat1993
3849,Blacksatanman666
4796,BlackSnake56
4384,blackstar44
4036,BlackTe4rs
4962,blackwarr
1013,Blackwolfzu
1958,Blade-Fang-Kaori
2862,Blancchet
3703,Blandar
1937,blank
2427,Blarey
1686,Blasetvrt
2985,BlazingOptimist
3367,Bleachway
5089,bleeb
4392,Blind_Guardian
3861,blindassassin
2675,BlindNoldor
2428,BlinkOtaku
458,BlondieLottie
3357,bloodiemonster
3241,BloodiRose
5038,BloodyFate
4009,bloodymassacre
3490,BloodyPicard
5348,BloodyPrince
4855,BloodyRoseWitch
3693,blooish
2778,blowingdandelion
23,BluaPapilio
822,Blue_Maroon
3353,blue-y
1112,Blueberry-vomit
1997,BlueFlareTOG
3883,BlueKite
4555,bluepand4
2930,bluerain41
5449,Bluesnow
5632,bluestarangel
5429,BlueYoshi
4001,bNq
384,Boazanian
3093,Bobby2Hands
4321,Bobjones
1773,BobRossTree
3194,bobzanny
641,Bogdan_K
2990,Boiiiiiiiiii
5330,bokami
5355,BokuSatchii
1445,Bolond
1732,BoltonOnur
4364,bombay
1442,BomberJ
5714,Bondius
1990,bondtux
610,Bonemower
2441,BookGuardian
4986,Bookkeeper984
2786,botagas
2220,Botan-Chan45
2794,Botato
4906,botch
5264,bottle
5453,Boursk
2142,Bozzzz
5215,BRabbit
5706,Brand
2645,Brb
3448,brdlc1
5270,breadstick
3098,breathesunshine
4013,Brent
1140,BrewingItRight
2526,BriBri812
5377,Brick-Frog
4788,BrickBreak
3071,Brieanime
4891,Britannian
2692,britmiche
3360,Brobot
5728,brockshadow
592,BroDyKing66
342,brokencounter
2055,Brokennemmo
3594,BronyaSilverwing
1938,BrosefAmelion
1955,BroxSaurfang
1310,BruYoshikage
2364,Brynhild
1631,brzzcode
4634,bskbob
4044,BSX
5470,bubbles20
14,bucciest
3209,budakr
2078,Bulma777
1230,Bunille
3374,bunny1ov3r
3995,bunny9992
3872,Burayan
2859,Burbano44
1803,Burger-Meister
4991,Burningsirius
2915,bushred
3267,busterbeam
5317,BusterMachine0
3715,Busujima_Saeko
584,BUTHO
1764,Buttershooter
4912,Buzeru
3942,buzz_start
3345,bwub
1349,Bx204
2644,Bygyas
5454,cabaret
2357,Cabron
4432,CactusMaid
483,CactusWren
3560,Caeca
1147,Cainael
3158,Cainthazar
5050,CakeRabbit
231,Calal-Chan
83,Calectr
4928,Calliisto
4859,CallMeYourLover
1298,CalmTeaTime
788,camay1997
3814,camerawr528
1357,CanadianMRC
4627,canders5
4022,Candor123
777,canseo
2863,Cappuchino
1176,caprisan
4431,Captain_GARlock
346,CaptainKenshiro
4379,captmalone
1027,CarbonMD
4725,cardtrick
3434,CareBear69
3461,Carefree859
1078,Carl10101
713,carlnewkirk
589,CarlosScaff
5395,carmabeLLe
883,CartoonViolence
5472,cascady
1904,CaseyTurnbuckle
4750,Cashdax
4042,cat_clan
1061,cat_coffee
692,Catalano
2701,catcupcakes
2201,CatEatYourPizza
843,catgirI
3920,Cathedral
2616,CathuriaCat
3165,catwithsocks
4529,ccc20
5463,CCZilla
5237,CDRW
3788,Cebiko
3412,ced1106
1427,CelesteElaine
3142,Celestial_Pixie
3541,Celestrial2
5093,Celestz
5497,Cello
394,CelticWitch
4124,CEMPUNK
3262,cenkiss
4663,Centent
5713,Ceray
3017,ceruleanight
4828,CG
1422,ChadAnimeEnjoyer
1387,CHADSTAzaCHAD
1286,ChadtheChampion
5240,Chai_
3398,ChairForceOne
4850,chan-chan
596,Chandela
4066,chandelurre
4164,Chandler
3670,ChangeItSelf
1965,chanmyse
350,chaosflame5
3030,ChaoticThinker
4786,ChapsTheDuder
1874,chapteria
1705,charlieman999
1880,charlotte0321
3993,charmecia5
4964,CharryStar
1109,ChartTopper60
1402,chaseeeee
1130,chausies
4787,Chavez
5616,chcknutsck
5096,checkdafool
3940,Cheeeeeeese
1467,cheekybeanz
5717,Chelle
4915,Chenoan
1718,Chento
438,Cheru6
4079,CheshireSin
834,ChibaCityLovesan
4981,Chibi_Elric15
2444,Chibi-Alice
2867,Chibi-wolf-10
5114,chibiangel_chan
4054,chibifox6
5541,ChibiMilly
5407,chibuki
1578,chicagopiano
1927,Chichi123
1550,ChickyBro
5362,Chidashi
1846,Chiibi
136,Chika_tetsu
750,Chikito_aruha
2453,Chikumis
1760,Chill_Savage
254,Chimerared
5351,Chimichoco
2489,chinesecartoonz
4248,Chinkyu
1709,chinnaru
382,Chipp12
4856,chiquit0621
3456,Chitai
4715,Cho_Desu
4801,chocolaetmaelk
2536,chocolateparody
1031,Chocovainilla
3709,Choroshi
2263,Chris_Pham
4892,chris-yang
3185,chrisbj
1011,ChrisBlitz
2265,ChrisDaPatriot
4347,chrisdas
3276,Chrisereum
4400,chriskin
1204,chriskor022
1939,christopherjonny
2647,Chrollium
1434,Chrome_Falcon
2847,chronosthirteen
3595,ChronosXIII
1529,Chronowarp
2683,Chuunichan
3386,chuuzenjis
202,cibles
1408,Ciezul
1522,cigare
3271,Cirris
2745,Cirrnis
3832,Citrix
3782,Ciuvaz
3494,Civille
2478,Ckan
3990,ckckckck
92,Ckea
3424,cl3dson
1417,ClaireFroberg
1146,ClaireReynolds
1043,Clan_Killer
2122,Claptrap
3618,Classiick
3638,claudyzu
5657,clc
4938,clearbrite99
4090,Cletus
459,Clichechad
2461,ClickBaitBuster
4864,clipant
4017,ClockLock
639,Clonazenyan
161,cloud3299
3419,CloudStrifeFFVII
3637,clow_card
1040,ClubAnimeYT
1830,Clubbox666
5263,cncfan
5011,CNeto
2189,Cnon
894,Co1d
5665,Coatlicue
3016,cockaine
31,CocoaGalaxy
1750,Codboi68
4742,coderlan
4356,CodeXen
3051,ColdJester
5041,Colin
1464,Colonelfancy
5500,Colorfusion
4349,colorwander
363,ColourWheel
2305,Comic_Sans
3163,ComicBook
1393,Conceptualhero
2730,CondemneDio
2207,Congintive
3948,ConquestOtaku17
2471,converging
5428,Cookie-chan-
4946,Cookingboard
2212,CoolitzHubertXVI
1531,Cooomer
4516,Cooperation-san
680,cornonacob
4927,Corpse69
3295,Corwen
5256,Cosake_Solrac
1136,Coty93
2814,Count_Cuckula
4125,Countdown_100
3126,Couranos
2654,covacola
3584,Covetousness
4706,Cowboy_Tanaka
294,Cpasfacile843
352,CQLLIST
5642,cr4sian_phil
526,CrackedYolk
5276,Crani
3200,Crashmatt
1080,Cravenowl
1722,CrawlingDolphin
1619,CrazyFrogz
3604,crazymonkey00
4617,CrazyPerson23
5333,CreamyVelvet
998,Creescienzo
2966,Crehscent
3385,CrescentYozora25
3021,crestofhonesty
4547,Crimrui
3285,crimson-oath
2927,CrimsonCW
4179,CrimsonDev
857,CrimsonKing25
5205,CrimsonMidnight
3879,CrimsonPhantom
5414,CrimsonRain
3471,CrimsonSilver4
1817,crissace
2732,CroMoX
2689,cronoSpirA
4773,cross0112
3662,CrossRyuu
1455,Cruelseeker1002
547,CrunchyCrobat
3524,Cruzr
1153,crx07
4933,CRXTHRASHER
2295,Cryanide
1607,CryonicalCarnage
315,CrysisWarXX3
5666,Crystal
4172,Crystalas
2342,CrystalGemFox
4882,CrystalLake
1155,crystinmeras
3748,cshin9
1912,csws
1948,CtrlAlyDelete
2661,Cuky
709,cunezstun
4673,cupidarrow424
1961,Cupucakes
2303,cure_potato
2249,CureEtude
229,Curiouswanderer
644,Curlybrace101
4436,CurseDestiny
779,Cutieloveherself
4428,Cyber_Ryoga
3656,CyberStat
5209,Cygnus428
2326,Cylico
988,cynicaldreamer
3846,Cypress101
4402,cyrurin
5325,cyruz
1625,cythraul
6250,D
5372,D_S_Bach
2651,D-Sist
30,D1ion1sun
4954,d3stinY
1866,D8cbeidnd7dne
27,dachipatriot88
3973,dachou
1597,DaCraziGuy
444,daddymahitowo
1818,Daevas_X
714,Dafline
493,DafuqBOOM
2004,DagaKotowaru
3649,Dageki
1953,daggerswithroses
4098,DaHitman
2033,DaichiBunny
5345,Daigoji
3260,DaikatsuTheOtaku
3692,Daimyo
5008,daina_kanata
2903,Dairokutenmaoh
2737,Daisuki
3911,daisy23
3122,Daitomodachi
2820,dakotasapphire
4306,daleb729
3480,Dalek-baka
2780,DaMall
2658,Damanks
1084,Damnits
5077,Damonashu
3699,Dana
1307,Danae
1125,Dancho
1688,Daniel_Naumov
1291,DanielW100
114,Danish
1617,danita70
3282,dankzel
1161,Dantalian3
4473,dante119
3095,DanTheAnimeFan
1403,DantheDam
1312,dantheman007a
1678,Danval129
712,DAODAONeomabu
5589,dapenguin
3657,DarAR92
3842,DardDrak
545,Darion_Phoenix
521,Dark_Reunion007
4394,DarkAngelz
5716,Darkanger
3909,Darkazuyagami
1330,DarkCarnage0
5010,darkcrescendo
1921,DarkDooM2
4416,darkevangel31
4920,darkflux
2423,Darklight0303
2179,DarklordVor
4174,darkmar7
5075,darknagas
1253,Darkninja77
3317,darksasuke96
1541,DarkSirius-03824
5002,darksmiley
674,DarkSpaceVRP
1749,Darksteros
4178,darkstone
2798,DarkwindJR
110,DARM11
747,Darmauh
5534,darth_lex
2114,DatabaseDatabase
3266,DateYutaka
587,DatGuyRedux
3,DatRandomDude
906,Dauphine
6256,Dave
2375,David_Uchiha_92
535,Davidclarks
1863,davidcocks77
156,DavidMahomes2014
1650,Davidmonte31
1681,DavidMullet
461,davidyodo24
182,Daviljoe193
5613,Davison
5495,dawnferra
4345,Dawntiger
5410,dawnwan
1736,DawnyStorm
5115,Dax
5232,daydreamrose
152,dazedcowcow62
1093,Dazonwraith
433,DBX
5676,dbzcri
3230,DCLXVII
3485,ddnununuenununu
4755,ddrcrono
3759,Ddustz
1950,ddw1a
4704,De-JaY
3987,deactivated-180512
3300,deactivated106
3639,deactivated30325
2972,deadaccount1919
1873,DeadArashi
3617,deadbilly
3445,DeadIEnd
3945,deadman80
4399,deadpool3943
3469,DeadZeroSource
1468,Death_Fairy
4369,Death576
2255,DeathAssistant
4914,deathbysuarez
1217,DeathersYT
5382,DeathHormone
4114,deathmoon06
2565,DeathSaint
2571,Debasky
3672,Deccan012
2026,Decibelle
2197,Dedy_Wicak_Sono
3741,deezet34
74,deg
3449,DeicideV
5650,DeimosFormido
4540,deishu
4765,delaverno
5280,Deleted6938
2325,deli_
283,Delichii
3391,Deliriant
420,dellacer
2920,Delmonster
47,deltahalo241
3668,delulytric
1644,DemigodHero7
1577,demision
389,Demon0fAnime
4506,Demondante
1491,DemonicFang
4602,Den-kun
4821,DenjaX
1996,DenkiDestroy99X
2672,DenzRui
1158,DeonX
503,Deoxyribo9
1480,derliss
2153,DerMensch24
2161,derpinat0rz
42,Desmascarado
3382,DesolatePsyche
4404,desolato
3065,Dessssy
4881,DestinySora
3527,destructo22
22,detarameMAL
4507,Detective
1729,Detective1412
2007,Detrison
3172,DeusExMavro
665,Deuterium51614
3408,Devil_Food
209,devil_lady
3255,Devil_Slayer
1794,deviusstraus
4884,DevMotives
311,dEwMe2k24
3307,DeXeTer
4064,dextronaut
4493,deykamol
1633,Deyui
697,dezhavhu
2822,DFroGGotten1
3498,DGemu
667,DHZgaming02
1809,diablo050189
206,Diablooooo
4015,Diana_Williams
2130,Diangelo18
5683,DigimonTamer
740,digitalgangsta
6255,Dih
2454,DikembesMutombo
2486,Dimethylanime
517,dimidrum
4212,Dimitrit
5690,DimmuBorgir
5574,DinaraC
3493,dinesj21
6238,Ding
5316,DingDingDong
4967,dinho
3745,dipz158
807,Disapeared_Ghost
105,divlyfein
539,DizietSma
4010,dizzyworld2
4162,Djaga
1812,Djidji
1672,DJK1NG_Gaming
4381,djmasturbeat
3648,dkjiji
4220,dlaczego
2246,dlwuik
1423,DMinBaby
927,DmonHiro
630,DMService
3698,Doaj
303,DoctaMax
132,doctor-funk-beat
1853,DoctorDux
2865,DoctorSexy
4576,Dodecahedron-O24
764,dodoxdo97
97,Doggerz
347,doihavepotential
884,doily
240,Dokuro777
3971,Dollars_xx
1285,Dolly22
2643,dolly94
878,donhuangerini
1947,DonTrumpolino
4846,donutsu
4683,doodleplaid
3813,Doodlittle
5580,Doom_Kiseki
677,Doom_Slayer91
2860,doom19876
1850,Doomdoctor
2041,doomedbringer
415,doomrider7
4099,DoorZ
553,Doshigatai
3159,DoubleMangekyo
5234,dougmelon
1472,DoujinshiDicks
4120,Downgrade355
5305,dPsychc
3371,Dr_Iss
5200,Dr_Jan_Itor_List
734,Drac077
2615,draco6
4056,DraconisMarch
2901,Dragon_Slayer_X
3176,Dragonage2ftw
5617,Dragoness57
4950,dragonmagnus
3979,dragonman
1419,DragonNole
5358,DragonsWhip
3220,Drakonika
1510,DrDuck_
4551,Dreadnaught_500
4147,Dredhawk
4883,DreDog
4900,dreiak
4351,drevelation
1108,DrHizzle
3532,DrizzyXP
1907,DrkValkyrieCain
1908,DronFee1
5702,DronMitron
1135,DrPopCat7758
1549,Drumbottle
3519,Drunk_Samurai
5622,Drybananna
1572,drydem
3237,Dscry
434,DSoraMonkey
4144,DStev
4528,dtshyk
5091,dubird
1655,Dubs4life
1679,DucktorLarsen
1975,DuckUsernames
3586,Dudewitbow
3416,Duhuhu
2884,Dull_Lull
3663,dumb_me
5567,dumbasatri
1562,dumbentity
657,Dungeon-Fox
4771,Dunkmaru
3674,Dunois
5055,Durack
448,duragon49
1324,dust124
776,dustfairy
3858,dutchah
4863,Duzell
267,dwagonuwu
3812,DX5536
1473,DyceAverruncus
2892,dykejolyne
1095,DYNASTIA
2086,Dysisa
647,dzudoKing
1287,E_Creator
4405,E2D
3216,earnshaw30
5162,EarthStar
2736,EasyGo-er
60,EcchiGodMamster
5132,Echelon
2307,Ed_Isla
2534,Ede415
4383,Edefrem
4837,Edelweiss128
5046,edeswen
534,edge13
4154,edl01
2618,Edward93
3335,eeveelugia
3986,Effnal
2788,Effulgence
2803,EfiChan
1540,EGOIST
40,Egoist_Animehead
1824,Ehlly
2046,Ehurvaks
3910,Eien-Story
3409,eijem
4325,Eikichi_Onizuka
5094,Eiko
1326,Eikonic
2341,einonymous
3033,eins-nico
5174,EinTheVariance
872,Eira_99
2748,eisan
5294,Eitra
2521,ejala
2297,Ejc
4797,Eka
577,El-Melloi
4264,El-Ricards
5007,elasalle
4073,eldest
2605,ElectraHeart6
1972,Electrowanderer
2574,Elegade
1425,Eleot
1721,Elessar44
4146,ElHuesudoII
1875,Elinnea
2082,elior1
112,Elior21
5577,eLiT3_
3771,Elite60
5169,EliteNEET
2988,ElizabethK97
1179,elizajohnson
2938,ElJin
581,elkensteyin
560,Ellen_Yogurt04
1556,Ellert0
3547,elleyonce
1671,elline
4217,Ellysey
4280,ElPsy
5275,elsey951
693,emavow
3405,EMChamp
3704,emeraldrosary
5638,EmeraldWolfChild
1165,Emerardo
1098,EmiliaHoarfrost
4806,Emily_Cross
5630,EmilyFalcon
635,emilyin20s
3075,EmilyTheCookie
3012,Emirius
4385,emishin
1026,EmmanuelPlath
5019,Emmet
508,EmmyBomb
2403,EmperorDemonGava
4543,Emprizzle
5703,Emptyk
4854,en_____
2515,EndlessGr8
817,EndlessMaria
4979,Eneeli
1476,Engr_Don
2411,EngravedinDeath
3533,Enigmatica
5231,enixela
2150,Enjyu
5711,Entropy--
4926,entropy13
1002,enya04
49,EonRed
5465,Ephidel
1739,EratiK
5476,eRe4s3r
3954,Erenle
1838,erenmeii
2857,Erg_Orgy
3640,Eri-chi
4470,erialc
2232,Ericonator
3580,EricwithaD-san
4563,Eriis
1605,ErikaFurudo
579,erikkamirs
2888,ernietheracefan
175,eroguy
1717,Eroha
1351,ERROR-88
1976,Ertig
1120,EruvaNyan
2440,ErwinJA
4904,ese675
1827,EsieEyen
2671,ESmith84
541,esofdiamon
1336,esolutioncente1
4694,Espio
5236,Estoy_Gordo
4711,Eternal_Shield
4558,eternaldarkness
3505,eternaltorture
367,ethcat
3294,Etherealis
816,Etherius_ZS
5067,Etheron
5228,EtherSword
4458,EtnaEraclea
4443,etork0925
2983,Euhin
2000,euls
4580,EUREKAvSEVEN
5239,Evangeline02
5185,Evanna
3337,EvenJellyOn
89,EvernightHSR
3894,evilcyber
3721,Evildoer
1860,Ewennnnn
4298,eworm
2253,ex_necross
3838,Exblaster
3613,Exbo
1443,Excloverinz
4982,Exiledraven
2040,exilvm
1016,Exiz79
4489,Exkalamity
852,ExoticNeeds
4745,Explicitz
3265,ExplodingGirl
3310,ExTemplar
4564,Ey_Malla
4552,eyerok
3650,eyrahsama
2277,ezaya
973,eze_tielve
2712,Ezekiel
3342,ezikialrage
664,Eziprez
5292,f-zero24
3523,f4b10
1320,FabiDxd
4270,Fabienne
201,Fabris
2773,Face_Faith
4025,faderunner
5112,Fafiq
2839,fagt-kun69
2762,FairySleepyx3
2893,falahgerrard
3420,Falcomster
842,falko92
5025,FallenHope
4173,Fallenkingzero
3263,FallenUndead
4171,FALLOUT4
5130,FaLT
4822,Fangu
2622,fannanice
1558,FansKenjaNoMago
2799,Fanv81
2997,Fappa
4752,FarAwayTimes
21,Fario-P
4324,FastnessofWheels
3133,fatboylikesanime
2578,Fate-Symphony
360,Fateixa
1456,FateMadMan
4872,Fatemoe
1596,Fatephile
3890,fati
1583,fatinsta
2240,fatstarr
5723,Faust721
2790,Fauzt
3722,Faytz
5461,fdssdfdsfsf
3132,Fearformychild
4743,FearTheDarkSide
1785,Fede_5000
2750,FedeBankai
5301,feder
3330,felipecardel
2269,femmeluxefinery
990,fencingtold
3054,Feniksrises
1841,Ferdimass
1932,Fernabo
4546,fertygo
2180,Feuer_Frei
2646,feyest
362,feyyazu35
2965,ffleader1
1647,fgsdhsjsthsghh
4511,fhqiihcy
4487,FifthAveSensei
5184,Fight4Glory
4027,Figma
4183,filepile
2856,Filippos_Yeah
656,Finncq
3863,Fintan
4491,firebound12
4078,Firechick12012
2800,FireEmblemIke24
687,firefractal
3593,FireKiller87
3043,Firelord76
962,Firemax
787,FireRifle64
5356,Firey
2898,Firipin
3154,FirstAidTent
939,firstawa
4730,Fishcaek-Chan
1657,FitimVetim890
3620,FiveOVER
5300,fivey
5332,Fizzybubblespop
1627,fizzytastic
675,FlamingMangos
4282,FlavoryFantasy
4252,flaxman85
180,Flick_on
4312,flipadomp
5553,flix02
3548,flo3
4106,Flopsie
3758,Florete
396,floridalender
1070,FlowerPowerStar
4800,FlowersAreCool
3815,FluffyDango
620,Fluffygreygrass
5366,flusswest
102,Flying_Hawlucha
1653,FlyingDunsparce
3341,FlyingFei
1005,flykra
3239,Flylow
2531,FMmatron
591,Fn76
728,Fonek
413,FONZACUS
4413,Forest-kun
2589,ForeverAnime1412
3627,ForeverFizz8
2483,forexjammer
2936,Forgetful00
4397,ForsakenArcher
989,FortalezaEmDeus
1245,ForteNoir
255,Fortress_Maximus
5575,Fortua
5457,Foton
4201,FourLeafClover
833,FOX-SPIRIT
1949,foxsurprise
3279,Foyn
485,fraijard
1660,Fran
696,FranBunnyFFXII
5248,francismeunier
681,franqx38
3426,freckledangel
1555,freedom891
2384,FreeSpirit999
5003,FrenchieV
2437,fresh26564
3117,Fresha
2861,Frezlaj
4985,fri
1726,fricksalot
377,FrierenSimpKing
1418,frnhndz
4194,Fro5tsAnime
2522,Frogogurt
1261,FrontierAK
3792,Frostav
1222,fROSTGGs
5615,Frostman
4257,FrostyFang
2609,FuchsiaRuler
3779,fueille
3316,FueledbyKass
2517,fukachan
2198,FukImOutGUys
5484,FukouDa
1594,Fukuzatsuna_Nazo
1184,Full_anime_Fan
2047,fullmetal093
1499,FullMetalDon18
5018,FullMetalPrinny
2734,FullmetalRaikou
33,FullyCharged
4910,fumino_kaji
2808,Fumito
1300,FuMomo-kun
1471,funanimelover13
4060,funkotaku
4692,Furokuro
2916,Fuseteam
1015,Fuuke
2693,fuumipai
1723,Fuwa_san
2223,FuyuMinato
3774,fwog
4305,Fyndra
2591,G_Spark233
3198,g-rabe
995,G0ldStark
1515,GabbyTaxie
3415,gabriellencia
1503,gabrielpavani
3737,Gaburi_Aberu
1923,gadboyz
2008,Gagui79
2634,Gaia88
3008,gaiar31
1463,Gaichi
2598,Gala_Lion
1239,GalacticMagna
4502,game8910
4359,gameboyja
4427,Gaming2
3192,GammaY
3092,Ganbat
4671,Gandora
971,GangsterCat
468,Gar_Logan
488,Gardevoir7
3047,gass_11
4236,Gatchum_Bye-Bye
823,GatesOfOblivion
536,Gator
1742,Gatsu-chan
1343,gaypornrocks
1415,GBiel_22
3338,GBSHITMALANDGN
4088,GChan
3160,GD1551
164,Geark77
4247,Gebbi
3585,gedata
1280,Gedemtolol
4519,Gedvuvdvjbch
4689,Gen2K_
5696,Gendo
5560,GendoIzumi
144,Genecos
691,genesic123
2506,gengar87
1115,Genoard
2846,GenocideR__
441,Genocyber
4813,genshiken195
4012,GenuineAnime
4539,georgi
1793,GercekKaanBaba
2697,gestalt-zerfall
642,GetScrew
2430,Ghattsu
1828,GhostY134
3375,ghoullovesharem
1475,gianben123
1931,GiantQAACSleier
5177,gibberishuser
4094,GigaSPX
1566,gigglingviolence
4219,Giix
4233,gillbobjones
5447,Gin-iro
4609,Gingabeth
1509,Ginii
549,GinIonSui
2874,Ginki
3751,gino_san
1648,ginpachisama
1674,gintokisbicep
5409,gioss
4371,giraffe13280
2053,Girlhinata13
3875,GitahMuttan
3963,gknight
542,GL_
2551,glamazon
4834,Gleam_Queen
3144,Gliglimp12
1582,Gloryosity
4208,Glumii
4708,gmgkng
4746,GO_KLAC-IGER
1784,GoddessofMayhem
258,GodKill99
2887,GodlyKyon
918,Godslayer27
4606,Gogetters
2714,GohanwaOkazu
1218,Gojira99
5357,GOKU_NO_SORROW
3180,Goku1085
3073,Gokucchi
2619,GokuNazz
813,GolbeztheGreat
5084,Golden_Dream
2238,GoldenCrimson20
798,goldencrownstar
395,GoldenDevilGamer
78,GoldSakura
1885,gomennasai
1178,Gomi-no-Sensei
2649,Gon_Uchiha
5068,Gonee
889,Gonzalompa17
3651,goodbyeusers000
4553,GoodKid15
2603,gophercg
4909,goral
2136,Goreking
3394,GoSaiyan
2740,goushuu
2353,gr8_nonsense
361,GrabFluffyTails
4917,graemegier
567,Granblu
1587,GrandDynamo
1077,grandy_UiD
5565,grapeofdeath
969,GRAYLIGHTNING
5048,graysky14
2252,greedyStar
2715,Green12334
1399,Green541
3825,GreenBeans
3807,greenmarty
5273,greenmush
1615,GreenTea13
4559,gregory003
4267,GregZor9
5494,grendelity
2626,Greninja_170
5417,Greorgy
2296,GREW
2154,Grey-Zone
301,GridironOtaku
2541,Gridley
2941,Grim05
333,GrimAtrament
1309,Gropen
3601,Grouchio
3937,groundfish
119,GrumbleDango
4848,GrumpyFelo
1661,Grynnsama
4960,gswelcome
4086,GTC
1893,guddi
4849,GuitarHero
5290,GulfStandard
772,Gumasushi
1481,Gunnnslinnnger
3772,gunslinger90
469,guomundur
4622,GurenRin
4453,guruguru19
2975,gust11
3234,gustave154
1821,Guts-Valley
1656,Guy5279
4451,guyklc
1278,gwendal738
2627,Gwylon
913,gyanburubii
2889,Gyarutsundere
355,H_Erifu
5282,H_Sayan12
424,H-5121
2083,H-X-H
955,Haaruukaa
3763,Habagat
3120,HachiHachiHachi
3397,HachiKirra
1096,Hachiman2424
3720,hahailham1
3587,Hahalollawl
5340,HaiAlwaysHungry
2101,HaiAnhJumi
366,Haigen
3712,Haine
2018,Hakaminah
1892,HakaseMachine
3984,hakazee
1635,Hakdoggie
4118,hakemo
4729,Hakoshi
5227,Hakumen
3507,HalAnime
1486,Halcon_Negro
2362,Half-MagePrince
3403,HalibelTheEspada
2944,Halicone
632,Hamazura
3069,Hamletina
4051,hammer85
4474,hammerht
4531,Han-yuu
2338,Hana
4804,Hana_Ogi
5274,Hana-kei
2705,HanaeX
4560,hanaiko
942,hanakocheeks
1636,hanamori7
4568,HanaNiina
28,HanatakeYurii
3473,HandsomeMan
48,Haneken2086
4842,Hannah_Ana
1007,hannahcochran
1117,Hannatach
5188,HanzoMittori
5729,Haoji
1052,Haou-Judai
5611,Happy
2017,Happy007
2148,Happyme_al
5536,HappyPear
2023,happypeps
5629,harakiri
1048,HaremKing01
200,hariawanidn
2968,harkan
678,Haroon_11A
851,Harrybrooks123
4241,harrysoung
3564,Haruchhiii
4288,Haruka-samaa
879,Haruto1_-
1340,Hashiriya_weeb87
4504,Hassansan
5134,hasyly
4135,HatsumiShinogu
529,hatsunemikael
219,HatsuneMiku_007
767,HatsuneYugi39
2360,Hatsuyuki
3922,HauntingShock
5149,hauptg
5034,HawthorneKitty
808,HaXXspetten
2322,HayateGekkou
3091,hayka
380,hazecloud
1447,HazelShonenFan
5688,HBFB
2391,Hebi_op
2733,HecticLeo
2419,Heiize
2216,Heika-
1924,Heimur
3432,Helbram
2328,HelenHarris68
1346,Helenna15
3301,Helenus
3953,Helios33
2554,Helios373
4348,Hellhammar
4702,Hellobee
1064,HelloKAitlyn
824,hellphoenix2005
3083,Helpme
1435,HelProcks
5537,helraiser
865,Hemorrhagician
1017,HendeyJagger
4242,Hene
3610,hentaishima
1626,HenTie96
2268,Hereditus
920,herine
802,Hero_of_My_Story
3972,Herosik
1099,HeroVladimir93
4932,herox3
3436,Herrschaft
885,hes022
2109,HessRussTheBest
2276,Hewhorendtheheav
552,Heykal02
2711,hgeronimo
1532,Hhguf
4921,Hias
1441,Hibernape
3431,HidamariSeashore
4128,Hidden_Joker
1981,hide_platinum
3226,Hidemori
3032,HidenNinpo
2141,highlightxii
682,Hiiranokakera
3150,Hijazi
2385,Hijirihara
2287,HikariDarkness
2617,HikarieChan
3350,Hikarusuke
5364,HikiganeYubi
2629,HikiNEET021
234,Hikool101
6243,Hima
1086,Himawari9
3734,HimekoTachibana
4198,hinanami
4713,Hinata02
5383,hinotoriii
5030,hirahira
104,Hirax
4621,hiromee
3097,Hirotaka1
467,Hiryu12
2690,Hishouha
662,Hitagi__Furude
1639,Hitoribotchan
5128,Hiyonin
388,HiyoriSunakawa
2632,HK1982
5100,hmfan24
445,hmmmmm5
4421,Hmmmmmmmmmmm
2012,hoanghung0707
2725,Hochmut
2024,Hokage_Jason
1407,hokaru
3732,holothewisewolf
4261,holypoop
2557,homonanoka
3129,Hongu
4656,hontobaka
5705,Hoop62
3146,hoopla123
5623,Hooplas
487,Hoppy
4651,horhecoolzz
725,HorizonX
1350,horsebaurusp
5371,hot
4685,Hotaru_yuki
2027,hotsushikun
2700,Houreki
2445,houssam_alg
3557,HowTragic
2443,hpulley
2410,HRGR600
2909,Huggykaze
154,HughMungis
1044,humantwig
2059,hungryapplepie2
186,HunLepto
2166,huntress1013
2352,Hussin
2208,Huyan
5430,huyyy
2117,Hwak2-a
1270,Hxttori
5022,Hybrid00
2982,Hyoukami
1085,HyouwaStudios
4756,Hypeathon
1757,hypebeast-zoro
4486,HyperCobaltMax
3989,hyperd0sage
439,Hyperion_PS
1101,HyperLoliCrisis
5400,hypertreb
56,Hypnotoad_
793,HyroSan
4137,Hystery
3919,I_Am_Awesome
5658,i_died_the_end
1424,I_Love_Kyaru
3738,i_want_ultima
5370,Iahel
2408,iamKetranLang
1275,IAmMango
3060,iamnoob
1375,IAMQT
5418,iamthebird
257,iamupinacloud
5644,ianmessku
1553,iBakemono
2637,ibraheem234
876,Icebreaker93
1877,Icecold_Lulu
5579,icecreeaamm
5213,icedkohee
2582,Iceetz
718,icefirestone23
4596,icegenie
5006,icekatana8825
5664,Icespectra
2073,Icha-kun
1009,ichii_1
1538,IchikaAki1387
1046,ichuckasaurus
5507,Icy-nee-san
5040,icycoldpepsi
4092,Icyness
5186,Ida
499,IdaB
512,IdeDial
3389,Idle_Observer
452,IdOnThAvEaUsE
5153,idoru
5359,iETHAN
987,iggggi
3914,ihateeveryone
912,IhavePIE
1332,iHitokage
924,iirayuki
1831,IJMB
2530,IJustWorkHere
5098,iKaity
2699,ikato_kiyazaki
2575,iKlariS
2030,Ikuma
978,iKytez
828,ilahazs
3904,iLaw
3612,ILC
5319,ilhoon
5462,ilikewhiterice
3045,illiara
1412,IllluSions
326,Illyricus
684,Illyxa
2999,ILoveAnime0723
5557,iloveboobs
2595,iLya
5195,Ilyaoh
3108,Ilyusa
932,Im_Stuff
588,ImaAnimal
4637,Imai
3299,Imaishi
648,imapleb
2815,Imawsomandhot
3798,imbs
2388,imbuement
2641,ImerSieghart
686,Imi_wakannai
230,imjayhime
3546,Immahnoob
3105,imouto4oniichan
2562,Impala
1348,ImperfectBlue
1431,ims-tokyo
5699,ImSoInactive1
1154,ImWitha
551,ina6_-
3363,incompleteAEGIS
703,Indianboylight
3936,IndienRock
4562,Indonesia
781,infanf
562,Infatuate
5635,Infernal
1693,InfernoPhoeniz12
4956,Infernra08
5498,infiltrate
4447,InfiniteDestiny
4410,InfiniteGenesis
3219,InfiniteZenith
5576,Ingling
4953,inn0centdem0n
4696,Innskip
2682,InshadiuS
4363,insoo
3733,InSoulFallen
3235,InstallationWiz
5725,Instant
3358,interception
5467,internetotaku
3829,IntroverTurtle
3554,Inu_Maww
3621,Inugirlz
4763,Invensible1
2374,ionfix
411,Ionliosite2
916,iori78
2958,Ioryogi-kun
4332,ipeka
935,Ippikiookamiko14
5374,irhk19
5246,Iri
241,IridescentJaune
1019,irirase
3196,Iritails
2469,Iron_Maw
3653,IronLobster
1528,IrrelevantGuy
2285,Iruka
4176,Isaac0
5469,Isabella
1174,isekaiedchibi
476,IsekaiFantasy
3579,iSheep
372,ishigamer
3143,ishimondo
637,Ishitateso
4631,Ishkur
5202,Ishmael
5037,isisfy
3153,isla12
3280,islei
2979,Ismaelien
4654,isMusic
2250,isseidevil
5521,Issun
1905,istrasepmat
1954,Isvi_Berserk
3673,Itami
5585,iTom
4329,Itoukaiji
848,Its_Silvia
2067,itsDespera
1134,ItsMeValric
4732,ItsSoPringles
2226,ItsXolo
981,IvanLeChat
100,iwubanime
1579,ixaa
821,Iyami_San
4245,Izanagi-94
437,IzanaSolos
130,IzayoiSk
3344,IZEROII
5686,izikiel
904,izlah
2663,IZUMI64
1702,izumii3
1255,IzunaHotaru
3324,J_B
5503,J-970
3003,j1mla
4616,j1toriko
5049,j2ther
3465,jackhammer32
3223,JackieNinja
3966,JacobGrey93
11,jacobPOL
5173,Jacut
5648,JadedAnimeLady
2987,jadedjanuza
782,Jadekk
3565,JafriZin
4435,jagleny
3714,jaheen100
5342,Jaica-jeN_
2233,Jak
566,Jakelison
328,Jakkun
1748,jalevil489
4210,jallan
2421,Jamacaru
1238,JamesSVbrown
1926,JaneLynx
409,jantszztkr
3496,Jao
5339,japanese_god
38,Japanimationgirl
1241,japzone
2749,JasmineJasmine
6259,Jason
3801,Jason546
3379,Jatz
1697,Jaya_0
3203,Jayaya
959,JayBlue
5610,jaydel
1167,JaydenTivon
450,jayeol
3451,jaygold33
319,JaysonNnN
1075,Jayswing103
2806,jayvee2016
4817,Jazze
2502,Jazzyforcefield
3529,JBird94
2613,JBSR-352
1601,jc9622
975,jcobinho98
3402,Jcrisier-san
403,jd2001z
4988,JDarg
4597,Jdthebud
1449,jeanbokai
3568,Jeav
3982,jefba
5516,Jeffusz
522,JehadKun
193,Jeje2020
5138,jekk
4550,JellyS
6234,Jemal
5165,Jen9204
3349,Jencansee
4820,Jenipa
1394,Jenkinsaustin
1162,jenkk
3221,JennieKim
1181,Jenskuli99
192,jerbsy
2036,JeremiahOrange
2875,Jerkhov
149,Jerry_George
4278,jerry0093
187,Jersie
1139,jesi2
2497,JessicaAFM
3516,Jesus_is_Lord
4497,JesusMcAllah
3652,JetFury
2635,JetNoir
1318,Jevasamy
3070,jfblade
2660,jgomezg
1149,jhghghj
5166,JiakBaKaEng
2956,jibberjiofsjlaj
1816,jibun-nashi
3293,Jicetus
4691,Jigero
4998,Jigsy
2171,Jiharo
3270,jimbob1141
3854,Jinada
2377,Jinbou
4309,Jinrou
873,Jinty
3231,Jinx_619
2781,Jinxy
212,JizzyHitler
2193,JJHRTD
4952,jjihhye
3619,jjpasay777
1944,JJR1971
2363,Jk9
2895,JkayW
9,jkmsoobinie
4601,jlc031
3839,jmoriarty84
4612,JMV96
3348,jnw93
5719,jobocan
4101,Jodraken
6254,Joe
1884,joe_g7
2381,Joe_Med
1279,JoelCurtis
4630,jofori89
4310,Joh-chi
3131,johnanime2015
2871,johnknight648
5486,johnnyd
2573,Johnnyd3rp
2932,johnread
1675,Johnrupesh
2015,JohnTonne
4818,JoJo10
181,JoJoNecchuu
2195,JokerVentura
963,jollychick
663,jonah111
695,Jonas-K
4603,jonathanexp
1074,jonesdarline
2254,Jonesy974
5545,Joni-Carrigen
1073,Jordan12346
617,Jordanious77
71,jorel262
2214,Jorgevy
4724,Josephl64
3229,Josh
1806,Joshimatsoo
2014,joshua10red
1338,Joshua123_4
3264,JoshuaSan1017
2520,josueuler
2827,Jotakak
5284,JP_rNr
5289,Jrittmayer
4250,jrod
4623,Jryou
3723,JTurner
866,JTZ29
2504,Juanda22Q
1727,juandmarco
1521,JuanDono
3228,JudeMaxwell
2394,JudoJD
383,JugNut001
4640,Jul3
537,Juleswilliam
5668,Juliab
3915,Julianne
755,juliayousoro
1224,juliusskinner
2739,julyan
4350,Jumendez-sama
1295,Junchi
5260,Junior
2824,JunkYardHiro
3765,junnes
706,Junpeony_23
1105,Jusaku-Redai
4141,Just_Augos
2973,just-raito
4731,Just4Fun10
550,JustAnotherShiro
3607,justGM
4249,justmoe01
1341,Justsoap
1979,JVskunkape
4192,jwbhoy
1397,Jyu11
1737,K_Takuya
2309,K_Wilder
2783,K-Anime
3671,k11chi
5,k3woru
1024,K4IZER
688,Kaan543
1482,kaarmaa666
5624,kachosen576
2769,Kacoil_Sempai
3486,Kadjo96
1858,Kadmos1
733,kaeeelyn
3958,Kaengel
2280,Kaerlith
4052,kagamihiiragi123
4744,Kagura89
1914,Kagutaba2019
1628,Kaguyachinchin
4581,kaichiharu
1570,kaider28
1956,Kaidu-
451,Kaikaidou
4965,kaimax
4888,Kaio_
2566,Kaiton
2465,kaitoXotaku96
3362,Kajeki
4484,Kaji02
5308,Kajino_P
5655,Kajisight
5432,Kalamee
2113,KalfKaneda
3933,Kaliov
3201,Kalluto-san
3927,Kalsooooo
1584,Kalvus
3540,Kalypze
3206,Kamakura-senpai
2116,Kami-Koto
249,KamikazeDerfel
814,kamil88
4587,kamina99
5080,KaminaKai
1316,Kamirura
2586,Kamiyan3991
5155,KamiyaShinji
2996,KamSung
127,kanadekun666
4838,Kaname_sensei
5252,Kanaris
4808,kanbikijanai
3545,kandiiyuutaamu
2016,kanekiken9876
281,KANLen09
4388,Kannei
321,KanoeHitokouji
3952,KansaiClub
5225,Kantarou
4868,KanxHaru-chan
3040,KaoruMatsuoka
1058,Kap92
3356,KapengBarako
4290,Kappa-ing
4433,Kappaka
1973,kara_iura
2694,karambia
4703,karekanol13
276,KarenShirotori
1166,Karin_Marin
4406,KariRaiha
1843,karlstein12
3175,Karma_is_insane
4805,kartracer76
4315,Karura_Jiinsaru
1092,Kasey90
4186,kashim
2743,KashKetchum
760,Kassse
1523,Kasuke2515
4903,kasumisama
710,Katakiki
1032,kataneer
3187,kataru
5434,Katbot
1964,KathlynMirei
2215,Katholic
3631,KatieMH
1334,Katou81
2599,Katsu-kun
1514,katsu044
1014,Katsu27
5238,Katsuki
3052,KatsukiYukie
5062,katsup
2891,katsura141
5214,katzenjammer
625,Kawa45553
5539,Kawada
3661,kawaii36
5459,KawaiiObsessive
3440,Kawdek
3261,Kay_Lite
4462,Kayaba-
1452,Kayle_x_Morgana
1882,kaylix
5627,Kayro
1586,KazawaKirito
5207,KazeFalcon
4019,Kazeshini
784,KazmaHamza
1045,Kazou-nozumu689
820,Kazu-chan-san
5404,Kazunga
1735,KazuXSora
2060,KazuyaKiyoshi
3377,KazuyaMiyukii
1546,Kazzann
1469,Kcjpunk_01
2924,Keetz
1331,Kei_001
5681,kei-clone
3365,keimaconquesta
4358,Keirik
1519,KeiseiHana
2776,Keitaro004
4061,keitwr
5710,Kelissa
1182,Kemoooo60
5045,Kemosabe
1897,Ken39Whistle
3520,Kenchiin
4527,kenegda
4213,Kenju
2242,kenkaneki_only
2913,KenKousei
3786,kennikitty
5492,kenny35
4955,KenseiRyuzaki
933,Kenta2
3930,kentasaiba
1712,keragamming
4853,kero228
2882,Kerozinn
2508,Ketamigo
5069,ketan
628,Ketereles
3900,ketorolac
1754,Ketrod
3421,Ketuekigami
3669,Kev9
5016,kevin_video
1593,kevx66
524,KeyboardBunny
4317,keygen
4409,Keyota14
4191,khrymson
2068,khudin
5168,ki_
4007,KiAce2
982,KiaSama
2442,KibaFan
3677,kickface95
1984,Kid-Wolf
4337,kiddygradelover
3281,Kidkidd
4605,kido_xplode
3544,KidRyan
3535,Kiev
246,kihel
2455,kikiabdull
5647,kikimaru024
3702,Kikimorka
2176,Kikugi
143,KiliianSleipnir
1227,KillerfoxTeucos
1999,killerqueen2000
2206,KillLaKill4Life
5367,KillthisAccount
2084,killuaxgon
2290,KiloFoxtrot09
5229,KimchiShop
1870,kimdokja
5208,kimmiechan
4905,kimmyt
4374,Kimura
5583,kin-chan
805,KinAce
79,Kineta
1738,King_Savage
4498,KingCez
4265,kingck
4145,kingclaire
325,Kingfariz
771,KingOfMAL
1416,Kingsman117
4076,Kinguarcher
3681,KingYoshi
5499,Kino_no_Tabi
3840,kinosimping
1771,Kintah
847,Kinyoubi
4047,kiosy
2133,Kipo0007
4108,Kippercha
4802,Kippy
5303,Kira01
4465,kirarakim
5402,kirby
3696,Kireiina
4876,KirikaYuiko
3332,kirisakitrash
4130,KiriyaXIII
2535,kiryisannagi
5473,kisami
5555,Kiseki
3735,kiseki69
3113,Kishi
5649,Kismet_
2286,KissshotAreola
4783,Kisuke32
3744,Kitchiri
2350,Kitsu-nee
106,KitsuFrost
3736,kitsune0
1110,KitsuYurikano
4737,kittenscats
3058,Kittycat_Neill
3504,KittyKatWombat
4454,kiwigreeneyes
2262,Kja95
4679,kkslider5552000
2081,Klad
4134,klaudio
511,Klazzama
2274,Kleferi
882,Klefki_of_Awsome
4494,kleinerwolf
3864,Klimat
1025,Knee-sokkusu
3257,KneelBeforeMe
929,Knighthammer619
300,KnightmareNEKO
3315,Knixd
122,knktzvra
2219,Knoble62
4594,knossus
1071,koala12345
137,KociOgrod
1676,Kodashi
958,kodeti
2763,KohakuNakatomi
572,KohiChilly
3059,kohinasuki
5590,kohitsuji
2742,KoishiLoveRoses
888,Koito91
839,koji_K
2685,KOKA_Xu
5474,Koko-Bear
4641,kokocho
4322,kokoro_412
4448,Kokujin-kun
4373,KonaKona-Chan
616,Konan_Edogawa_
3770,Konata_Master
2828,Konekojo
5017,Konfig
2317,KonnoYuukiSenpai
3018,Konoetan
5190,kopstudent89
1344,koraszan
908,korewaItai
4666,Kosezu
1100,Koshi_Inaba
2143,koshkarr
1302,Kosmonaut
2955,Kosorsomesaykosm
3011,Kotarou_
2439,koto
1347,Kotoha
3943,Kotori
533,Kougeru
5559,Kouta
2165,Kovaelin
3125,Koybz
2652,kpossibles
1548,KPrat88
2516,kr4us3r
3891,Krasa
4590,Kratos_Ortega
298,Krazio_07
1552,Kreikka95
2886,Kreion
5639,Krelian
1121,kremstoin
205,Kreshre
2452,Krishna30
1339,Kritoveris
323,Kroer
4509,kruga27
5363,KrylonBlue
902,KryzakamiHrybami
243,kta_99
3974,Kuandohan
650,Kuma
901,Kumiveneella
4449,Kumoshi
3333,Kundalini
2260,KuntulKuro
1719,kur02an
1145,kur0ba
4082,Kuraaiiya
2964,kuraragi-san
2330,Kurariyon
4308,Kurini
4557,Kurisu-chan
3717,Kurisu666
1808,Kurisutinax
4667,Kuro-san666
1511,Kuro218
5058,kurochaos
4026,Kurogashi
3123,kuroicho
2772,KuroiKenshi24
4735,KuroLion
4615,KuroNeko1997
5489,Kuronoa
3760,Kurosawaki
5157,kuroshiroi
4896,KurotoHourai
5671,kurotsuki
3319,KuroYaksha
3418,Kurrgann
2775,Kurt_Irving
2093,KurumiNightmare
4284,kururugikai
84,Kurusu_kun
1740,KusariYaro
516,Kushna
3155,kUshPandA_ENJOi
3474,kuudere-ish
2057,kuuderes_shadow
5595,Kuyu
3795,Kuzuryus
4739,Kvakond
3694,Kvshi
5258,KWabbit
3827,Kyakka
5033,Kyappy
4762,Kyle
3918,kynnlia
5315,Kyo_Kagami
5061,kyokai
2579,Kyokutou
5105,Kyon2570
4963,kyon91
5488,Kyon97
3138,kyonJIE
4589,KyonSmith
5412,Kyora
151,kyota521306
2805,kyouche29
5612,kyouhansha
2872,Kyoukek
4043,KyousukeLove
3924,kyoya7
2045,kyro
5110,KyunVampireGirl
4526,Kyuubey
1752,kyuudere
3880,Kyuutoryuu
4709,Kyzix
3575,L_J
2823,L-Ryoshi
479,L0ken
2345,Laatorii
4645,lacie36
3227,Laciie
3380,lacznosc
171,Lady_Nera
4181,lady_ribbon
2918,lady-leen
3726,LadyHepatica
4795,LadyIchy
373,LadyMarble
4987,ladyxzeus
5071,lafuria_sux
250,LAIK4
4819,Lalakoboldslayer
4857,LalluOlen-
3157,LaloChii
3106,Lambdaa-
4861,lame-desu
1356,LANARp-0470
4346,lanceypercy
2412,landofthekwt
671,lanlenore
1288,lanseu
966,lapinology_
1588,Laplace_kun
4714,larethian
2577,Larkanite
2162,lasodamos
2923,lastobjective
3328,Latreia
2802,Laugasts
2064,LaughingCoffinx
4480,Lauriet
4829,Laurine_Andersen
5586,LavenderCourage
5217,lawfer
4767,Lawl_Lawlsworth
3877,LayedBack
1377,LaytonPuzzle27
2868,LazuriteDreams
1872,lazy_Modifier
1842,lazyinternsan
2313,lazyking88
5571,LazyMan
2473,LCDG
2914,Le_Impossible
3189,Leadle_Lee
4678,Leafyone
2163,LeafyShepherd
5460,Leah
3497,leamroberts
2513,Leark
683,lecha0s
5425,Led_Wayline
649,Leeeol
861,Leentje
2336,LeeTailor
3695,LegendGoldDark
4662,leggomymegg0
5693,Legion17
2320,LegitPancake
1920,Lego_Leviathan
1612,Lelouch0202
2288,LelouchNoZero
4450,LelouchZero
2333,Lemon
5257,LemonLyme
3404,LemonSyrup
515,Lenoksu
5604,LeNyn
1667,leobbo
2401,LeoEarlSpilner
4387,Leon-Gun
4930,leonardputra
288,LeonhartAugust
3240,Leopah
1303,LERAGEUXENAMARRE
1525,lesaz
2389,Lestat-
2678,leVinchy
575,LexTyler
3128,Liaeves
1023,LICK_IT_GOOD
1833,Liddo-kun
3164,liesolitte
3039,LifeAlpha
4275,LigerZero248
1992,light_of_amphy
2563,Light-
4753,Lightyear8684
498,liketofu
4077,Lil_Wayne
2833,Lil-Bird
5618,Lil34
1789,LiLa_Shay
1193,LiliStar
4811,LiLSatania
289,Limitl8ss
3844,Limonene
1708,LimsKragma
4333,Lindle
3962,lingoes
1208,LinHashimoto
4642,Linkark07
1668,linkhuesitos
2170,Linky37
5601,linnah-chan
4772,lion_of_genesis
5554,Liquid
4600,Lirina
2062,Lissandragaren3
1079,listopraque
2416,Littaylor
4152,LittleDemonBoots
3563,liushuang
3566,live2win
266,livexevil
1971,Livira
77,Lizymarie
993,lizzziziz
198,LJkiller
1458,lkevsan
2175,lKinol
3381,Llama765
3837,llamaben
4510,lloyd998
3179,Llumi
5422,llxwarbirdxll
4041,Lmp01
3572,LOAD
5131,LobsterRyoma
1559,lofus
775,Loganleo
1104,LoganMcClure21
3701,loghneckbeard
1144,Logical_
4810,LoginBonus01
3713,lokithor
2425,Lolikon_Extrem
1001,LoliSenpai0x
3571,lolw-a
3636,LoLyeah
5369,Lonareas
2881,London_Hickman
5206,Lone_Viewer
1883,LonelyHikikomori
86,Lonerxx
3464,LoneWizzy
3181,LoneWolf
157,Longnines
4664,longshoremanX
5485,loplop
2935,lord23
1698,Lordbadface
15,LordCrueltyV
548,LordJehZeus
2993,LordPerucho
2091,LordReihan
1983,LordTaki
4093,lordzeru
1065,LordZirkaZero
2747,LordZukasa
2103,Lorph2567
4825,losslesswings
4483,LostGamer
4636,lostmymusic
5564,lostsoul
2684,LouM
2674,loutuku
4776,LoveCat
668,lovecom97
5047,LoveEnmaAi
1856,LoveKirari
5020,LovelessDoll
5320,LovelongSought
991,LoveScope
5520,LoveWifeLunch
2159,Loyalty06
2669,LPGeneratorx
1281,lplnvqh
4851,lrdalucard
795,lubdhak
4032,LucarioDude
810,lucasnake
237,lucaspatrick
2514,Lucc_0
2946,LucDisway
1845,Luchse
4426,LuciferIAm
62,Lucifrost
4620,Luciiax3
2076,Lucikun09
253,Lucio54
4523,lucjan
721,LuckasWolf
4142,LuckyMango
5436,LucySky
4136,luigi-dude
1768,luinthoron
1568,Luisito14
5220,Lukas2
2757,lukeycow
369,Lumenesca
4661,LuminaFlare
1396,LuminescentMoon
491,LuminousXstar
1,Luna
2931,LunaCSunshine
1986,LunaEstlin
2292,Lunafleurette
115,LunaLov
2792,Lunar_Garden
3578,LunarCharm
2228,LunarPulse
1113,Lunas2525
2552,Lunasia
3056,LuneLemonLight
1945,LunyRem
4,lurker3993
509,LusenProd
4879,Lustreless
1124,LustrousParadox
4187,luxun21
4639,Lvhina
220,lyannaXlu
2943,Lyev
4978,Lyfa
4045,LyingPrauses
2546,Lyix
3928,Lylaaz
98,LyLord
4083,lysithea22
2533,LyzChan
293,M-T_S
2450,m0e_SeRaToNiN
2414,m0g
4240,M4tt30
1837,MaahHeim
5187,Maaku
1611,MABfan11
2065,mabor0shi
2145,Macacoloko
1551,MaceChan
2588,Machination
627,MackyandCheese
376,Mackyreels
4366,macrofish
1256,Macvin
5694,Mad
737,MadanielFL
2010,madarchod
4974,MadKazumi
1150,MadnessWillReign
4680,mado_2ki
1049,MadokaAkimoto
5124,Madoushi90
2129,MAGA4Chino
5637,magentaanbu
3115,Magiarca
5438,MagicalEmi
4289,magicb
3848,MagicFlier
2470,Magister_Jakene
3170,MagisterEquitum
91,Magito
3191,Magkn0
63,MahiaErebeaNegi
1088,mahin40
4793,MahouShoujoLain
2500,MaiAnhHua
2247,Mainaleygu11
4832,MaipleLeaf
2349,MajesticOtaKing
3762,MajinSaga
1906,MajinSage
3140,Maka
936,makech17
1036,MakimaFan1101
5390,makimaki
5283,makio-kun
4230,Makise11
1006,MakkuroKemuri
1234,Mako995
5042,Makunouchi_Ippo
3531,Makuro
481,MalchikRepaid
593,maldiv097
3483,Malfegor
5731,MaliciousH
1133,Mally_D
55,malvarez1
4396,Malware
5633,Mana___
2448,Manaban
5493,manasteel88
5606,mandoric
2355,Manga-System
4794,mangafreakZX
2744,MangoxCake
765,ManoCustaff
5378,Manolopt
518,MantaRaydiated
5511,ManU-Alchemist
3477,Maor
2202,Maora
329,Maou_heika
652,MaouHero
845,Maple-Senpai
3753,mapotofuu
3222,MaPsimus
1847,mar1217
599,Marakim63
2951,Marathotaku
2001,marconii2002
204,Marcus5768
2376,Margaret1977
1747,mariari_jc
5141,Mariejoanna
4684,MarineFury
2691,MarionServe
2107,marmondesu
4226,Marow
1210,Marpurrsa
723,marquinti2
5341,martin03345
4055,martinyyyy
1829,Marumarurun
937,Maruseru93
3251,marx-chan
2851,mascarpone
2367,MaskOfBrutality
992,masoom369
2777,Masserati_
233,massyyl
5103,Master10K
1685,MasterDNA
4687,MasterJ633
4472,MasterKingJC
5306,MasterOot
5143,mastertek
4340,MasterXionic
3124,Masum_Beast
5379,MateusFogaca
557,mathewanderson2
1695,matias067
1701,matt-t-e
3789,mattbenz99
1690,Mattinator95
4672,mau214
4582,Maverynthia
5591,mawata
138,MaxiJean84
5211,Maximatum99
1374,Maximus4811
3487,Maya24
4514,mayazansu
1081,MayBurgess
2339,MayCastle
3700,Mayjaplaya
1792,Mayuka
670,Mazoy
4188,Mazzhugeliang
378,MbGamer
1700,mBlazi
1459,mcantrell
3680,MCPhatman
2568,mcxynth
4628,mdz
2636,MechaFan-RX-78-2
3645,mecharobot
5318,Meerkat
3686,meetbhardwaj
5727,Megadedhed
3833,MegaJenkins
335,MegamiRem
4635,MegaNanoDeath
4368,megancheung
3994,Meganegasan
3687,Megaphy
4401,MEGATRON
3778,megatuga
4790,Megpoid
4089,megucas
2567,Megune_ft
385,MeguSae38
1196,Mei2Mei
1527,MeiHalo
1811,Meira_Eve
263,Meisbob
245,MeitDeist
2949,Meiyo_Kuro
2436,MelAB23
2584,MelbShaw
621,melika4
3243,melina_putri
3433,Melkenlied
762,MelonShark
356,meltingcore_neo
109,MemeOfMemeIsMeme
1571,memery
494,memoire2s
10,Memore
1743,MenchiK1
398,Menternor
1823,Mentos1
3318,meownomoto
4984,Mephz
5352,Mercurio
3258,mercyhard
4074,Meriande
1654,Meritas
4365,MermaidGalaxies
3422,meruledaworld
3325,Meruru_Arls
3996,MEsoJD
4389,MessageInTime
3959,Metaliator
5415,metalsnakezero
1859,MetalWolf14
1900,MetaThPr4h
4273,Metazoxan
768,MeTheKing2020
1432,metropyramid
3053,metsujin
3746,MettatonEX
5298,Metty
1380,Meusnier
3354,Mewra
1103,MewZakuro
4791,Mexkyle
2939,Mezter
4097,MFK
4488,MHCupcakes
6258,Mia
4167,Miakyatto
3830,miathetiger
3063,Micahl_Taylor
12,MichaelJackson
3291,MichaelMyers100
2729,michal-sky
1269,MiciAngels
1591,Mickgl
3236,mickystar19
3871,Micronique
1498,microphoneglobe
370,middle_pickup
5221,midgemage
2463,Midori-tan
3014,midorima-shin
4780,midorisora
4087,Midoriwater
4216,Midvalley
3862,Migahel
4206,Migzie
510,miipsy
4376,Mika_Inamori
226,Mika_sensei
2576,Mika-chu4
2928,Mika931
1333,MikadoWu1
5127,MikamiTeru90
3127,Mikan
4418,Mikasa
2458,MikazukiRanbu
3769,mikezilla2
4521,mikhailn
4469,Mikuza
1127,Milan-5
2217,milanogates
2688,Milk_is_Special
4403,MillaMaxwell
2468,mille-
3275,millic
3678,millo
1852,MiloD
2213,Mimerio
5181,Mimi_Taylor
2523,mimiiria
4858,Mimiko
5313,mimiron12
4184,minatojs
905,MindFlayeR57
1987,MindOfOsaka
3387,MineGames
4831,Mingfang47
1264,minhhuy525
1917,minhson65
286,minibunnixo
3248,minimiau
2680,Minjaeii
5479,Mink
2529,Minnesnowta547
1659,minniemoon
3893,MinorDespera
4285,Minoru
5506,MintBlanckz
3169,Mio
4272,MiP
3076,Miporin
3567,Miraclezify
2810,Miragee
52,Mirai
5170,mirichan00
5721,Miriette
2417,Mirilita
239,MironBiron
2621,Mirorin
4180,mirtha4ever
2510,misachin
915,misaka-9982
3934,Misako-chan
1991,MisaoFan
4193,Misaola
4461,MisaTange
5515,MischiefMaverick
2222,Mishukax
3906,MissHeed
3988,MissMoon91
646,missslauraa
5323,MissSuzyBear
1323,Mistake_25
525,Mister_Raider
2127,MisterGimmick
3724,mistress_kisara
5718,mistress_reebi
5631,MistressRip
287,MistyBlue
5416,mitamaking
5446,mitayashi
3162,mitch3315
5510,Mitnick
43,MiuraHana
3107,Miya-
4314,MiyatouSeishirou
3452,MizuhashiYusuke
4675,MizuKagami413
600,mizukasa
3785,Mizusi
2090,mjhilario
3851,mjjfan10
2838,Mkim
1089,MKSTEEL
3137,MKusanagi
4658,mmachine
2791,MMMacross
354,Mmuunn
5035,MN_22
2044,mnkxyk
2392,moaml_salm
4195,moasan
5065,MochaMongoose
223,modboy
5532,moedea
397,MoeGod
3088,Moeism1
4200,Mofusand
3866,Mogu-sama
2371,Mohamed_Salim
4072,mohammedafif
1580,Moi-123456
4165,mokahless
2921,Mokkorin
1231,Moltenc
5009,MomoHime125
3739,Momoirooooo
312,MomokaLover
4081,momomilk
3805,Momono
3038,momosemomo
2031,MomoSinX
3803,Monad
1662,Monkeyd_Luffy_
826,Monkiesmata
619,Monochrosanity
2844,monocolor
2466,MonoJuMal
3481,Monomunu
5247,MonsterOtaku
5032,Mony-Chan
1988,moodie
4919,Moonflowerer
3501,moonnya
1575,MoonPhos
4080,moonplanet
3757,moonstarfireclan
4313,MoonXArtemis
1097,Mopeybloke
5117,Morgoth13
2848,morikaru
4533,MorningGlory
5151,Morok
5222,Morrigan31
1186,morshuwarrior
3707,Mortal_Folley
3023,MortalMelancholy
5265,Morticon
1259,MorzGT
2768,mothnom
4437,Motion_Menace
3042,MotionKT
4769,motoko09
4442,Motokompa
2203,Mouloxas
2977,mountainheart
3034,Moverman75
5099,MozARDe
2406,MozillaFennekin
4452,Mr_DaftPunk
809,MR_FURUKAWA
3413,Mr_Gutts
1371,Mr_Srijan
1871,Mr-Awkward
5514,Mr-Prince
3211,Mr39Foor
1766,MrAwesome2018
3820,mrbakchoi888
769,MrBluebear
1507,MrBodoro
2899,MrEpicMichael
4840,MrFreedomJustice
2912,MrKai23
856,mrqoozy
4969,mrriichi
1185,Mrs_Lupin
2989,MrSonicFan34
1715,MrWillhart
745,Ms_Phantomhive
532,mshfqtny
2542,Msonnyandrean
2289,MsVitchDa2nd
1306,mubeenj786
1500,multigamerclubxd
3364,muneyoshi
2528,MurukoHiiragi
4993,Musanka
1143,MusaS
3977,MusashiRose
4334,Muv-Luv-er
3029,mwaroop
5005,MXMach
2205,Mxxxstation
4335,My_Anime_List
3287,MyAccount
5147,MyAmy
922,MyGo
607,Mykasan
4682,Myloxeth
4138,MynameISuLLey
4155,MyNameSucks
307,myrmidon_mamori
1414,Myst
4697,Mystere
174,MysteriousFriend
4471,Mystery-Dude
3647,MysteryFan89
4544,MysticHrist
3174,MysticLeviathan
651,Mystogan14579
2655,myth720
3628,mythical020
2492,MZXJ
3843,n10sity
4292,Nabensca
5605,NabeShogun
519,Nabiiha
2624,Nabris
460,nachomaxo1
224,Nachtwandler_21
2298,nachtweiss
2614,Naerys
5245,Nagashi_Nine
546,NagoyaR
1244,nahid172
994,Nainu_
32,Naitik7897
4970,Naivette
203,Nakano_Miku90
477,NakigePlayer
1493,naldor123
4899,Nameles84
3306,Naminaee
5268,Nammy
349,Nanaca
3926,NanachiGinaP
1707,nanatshi
1189,Nanatsujiya
3482,Nancy-Alice
2099,NanDemoNai_
4989,Nandor
5441,Nanoha
2842,NanoZero
5107,Nao-stani
4068,Naoe-Riki
5073,Naratchi
2755,Narbs
974,Naroomaki
500,Naruleach
2038,Naryuko
3086,Nashetania
2275,Nate
1943,Natewastaken
2717,natsucule
895,Natsuki_SanJuan
4572,Natsuki1212
2487,NatsukiIkki
836,NatsuRei
3182,NaturalPerm
3558,Naxrrhid
4646,Nayah
4536,Nayrael
2359,nbyung09
2181,nDroae
4936,NecoDelero
1755,Necromancer_1983
447,Necronomicon
275,necrosan
1622,nedd83
364,Neengen
3500,Nefar21
4259,Nefarious
5679,Neferium
601,neffst3r
474,negatives
2347,Negligence
1807,nehnehneji
5133,Nehver
3246,Nek0
5692,nekdolan
2331,Neko_Damashi
4573,Neko_Nozomi-Chan
5140,nekodark669
2366,NekogamiPuck
1814,NekoNoir
4803,Neliei
1565,Nemesis_Ranka
528,NemuriNezumi
1629,NeoAnkara
4574,NeoFireHawk
4722,neopriest
5121,neow_neow
4890,Nepheloh
1935,Nerdanimefan1992
3331,nerfx
1094,Nero_Moonlight
3632,Netori
1398,Nette
5431,Neverender
4972,neverLamp
313,Newbie_Nick028
2756,newbieatthis
81,NewestPersonHere
3515,Newhopes
700,Newt008
1440,NewYearSameMe
5411,nexist418
2908,NeXose
1392,NextUniverse
1207,Nezuko_chan_05
1352,NG_Chloe
1260,Ngiya
1915,Ngurahaadi
1857,nhemers
5191,Nia9001
107,NiaAlexandria
4823,niceguy2
1801,Nicki_MP
1800,Nickienator
1420,nicksad444
1246,nico0820
133,niconiconii27
849,NicWat10
2706,Nidhoeggr
330,NietzscheKiriya
4585,Night01
4693,nightastronomer
463,nightmare_kt
4624,NightmareTala
5548,nihil
2323,nihon_no_tsuki
4843,NijiiroSakana
3912,Nike
5078,NiKi
5180,Nikko-chan
1187,niko_sb
573,NikoHml
5673,nikolai_131
2819,Nikorin
3184,Nikoru-san
5661,nikwad
1716,Nilvius
1887,Nim0174
4951,Nimed
1758,Nimmish007
336,Nin-ja
738,NiN10d0h
216,Nini_greyrat
2910,ninja_yd
4239,NinjaTalent
3370,Ninjutsu
435,ninka22
2464,ninryu
2160,Nintendofan204
1004,Niophoria
101,Nioxys
5538,Nipkis
3372,NiQue_
121,nirererin
2917,Nisem
2476,Nishiou
726,nisowo
3130,Nisx
4202,nitchi
2281,nitrohawk
392,Nivlac713
1068,Nixi_vrc
4754,Niyari
1855,NJGore
3468,nmarinpe
5145,Nnnexus
4815,no-thanks
5164,NobleSavage
2505,NobodyKnow
4069,noct-ciel
1175,Nocturnal
1366,Nodqfan
3489,Nohbuddy
1479,NoHeart
1335,Noichiboy
967,Noir_Alchemist
2272,Noire
4948,NoirFrost
5083,noisysound
1844,NoLiferSoul
2832,nomad01290
2158,NomThead
2709,NoNameNoName000
891,NonAtmospheric
4016,Nonyflah
3853,NoobHunterD
4326,noppee
3277,Norco
940,NorthmostIsle
269,Nory993
4221,Nosferatuu
5726,Nostalgia
1547,Not_Much
2498,notoezy
5056,NOTORIOUS-ro
504,notPara
1054,notshiro17
4676,notsureifsrs
2368,NotThisShitAgain
979,NotTrying2BLazy
59,notweebo
1832,NotxMe
944,NOVA-C
2184,novalysis
5524,November3leven
2393,NOVILA
2623,nowchoose
827,Noy_Rican
5568,NoyaChan
3804,Nozila
5433,nseika
1321,NTAD
1490,Ntr_is_a_sin
2496,Nuage
3897,nuclearcherries
2620,Nuemacaron
5609,Nuge
5109,nugger
222,Numagami
3616,nume-chan
4283,Numi
3811,Nutsheel
4150,nuuvox
3304,NV2301
2035,nx6
2284,Nyah_Chan
4110,NyankoLoaf
3960,Nyanks
2231,Nyapire
654,nyaruhodo-nya
2380,nymi
844,Nymphaea88
4726,Nyron
285,nyugvo6
751,O_T_T
365,o17o17
2716,OatGoblin
440,oazuz
4274,Obinderu
5203,Obsessive
1358,Ocat1234
5230,occio
5271,oceanchan
2369,Ochimusha
4344,octal9
3711,Octochan
2174,Oddish
2873,Odesmus
475,OeKusoBaba
5057,OfThought
953,OG_Otaku
874,ogblynz
1384,OgiDaWogi
1865,OhChrisis
783,OiantakuYT
1209,OidPlayer
1539,oimar10
2132,Oira_yukihira
3224,ojiro
1060,OkamiSilver21
368,okamoto4
570,Old_School_Akira
2816,OldaccountRIP
2032,Oldman120
2840,Olem
3810,olha2
5349,olivesandwax
1699,Olivi125
578,olly5656
4650,Ollyx2OxenFree
5327,olmecalmighty
556,Omarumba
5365,OmegaRFox
1254,omeriske33
3161,omfgplzstop
5272,omimon
1129,Omkn
3773,Omniknight
4020,omy785
446,Onaniu
4973,onatu
2835,Onbuu
1342,OneAndDone
1003,oneechan36377
3396,oneechanisgood
3245,onesnowyday_
4039,OneWhoReadsBooks
5189,Onikukki
2112,OnionKnightRises
1353,Only_Brad
2111,onuralp067
4423,Onyxthegreat
1219,oofnt
4121,Oohoshi_Awai
462,Oongbuh
2157,oOYuOo
5150,Opal_Shrike
1284,Ophiomorphos
5295,Opine
2456,OppaiSugoi
4657,OrangePal
1037,OrangeRafi
2178,orangesfusion
284,Oreki_Houtarou_7
672,origami10
5701,OriginalName
2270,orihara_sama
1405,OrionSigil
3775,Orix
3114,orkuncan
4336,OrochiPL
2809,OshaIsDaBest
523,Oshieteoshiete4
4949,OShoranO
3939,OsmarH
1164,Osyriss
2813,Otaku-Gunso
2581,Otaku-Hermit
2606,Otaku-Shogun
1345,OtakuAymes
2583,otakugirl10
2134,OtakuOne
1728,Otorez
2556,otterman965
1891,Ottes
2525,OttomanKebab
3754,Ourka
3104,Ouroboros
4880,outlawauron
5468,Overeager2672
3121,OveRRateDAHHole
5375,owell11
4169,Ozzey
2656,P0chiee
1782,Pacira
2922,paisley_singh
1477,Pakumen-
4862,Paladin65536
123,Palermo
3326,palladia
5014,Palvati
5450,panda_general
653,Pandadick
1200,pandaeatboo
3031,Pandagirl324
835,PandahHeart
5361,Pandaman0529
3525,PandaPuff
2511,pandora18
3655,Pangeaa
4541,PaninaManina
1763,PantsuAndButts
1220,Papa_Scorch
2037,PapaShango
3885,Paradox92
4707,ParadoxCharlie
3752,Pari
1039,Paru-chinBaka
3171,parvanubis
2182,Parzival88
559,passing_through
1033,pastebinv
867,Pastel_Rena
2354,Paul
2572,Paul_Levesque
4775,PaulNamida
2105,Paulo27
3740,PC93anime
1012,Peacefinder
341,peacehasleft
3876,peachriver
3062,PeacingOut
2770,Peanut_Jar
5602,PeanutSteak
598,Pear-san
1192,Peconigiri
1796,pedogod666
1131,Peeti
2950,peeyaj
1488,PeFer123
3435,peh
4204,penguindrum264
2140,Penny_Duhamel
2550,PerlaNemesis
3308,Perry1988
90,perseii
3214,Persona4rulesx3
1544,PervertedKnight
4698,Pessoa
1138,PesterDrivel
3950,Pesti13nce
4549,PetalPierrot
4119,Pettersson
5509,Pewdie
248,pgroove
238,phantom346
2102,Phantomnocomics
3190,PhDinanime
633,Phenyx
1258,Philistine
5448,PhillyFlash
605,philsalt
3454,Phoenix_Wright
2237,phoenixalia
1385,PhoenixEclipse
5406,Phrosh
2592,phsg69
1745,phuongvydo
2050,PiedPiper_
5171,pietel
5097,piikopoko
3084,pikeman1
2304,Pikmin404
419,pileofshit
3453,pink_pineapple_
4699,Pink_Ribbon
379,PinoyAnime_365
4232,PirateKingz
2540,PirateMadryk
1890,PiRhoManiac
502,Piromysl
1886,Pit93
1561,pix13
4297,Pizzaholic
3269,plant42
5458,Plate
5235,PlatinumHawke
1029,Playay
88,Playcool
2085,Pleinair
690,plumbear114
5551,Plun
3188,Plutia
1995,plutochan
4328,plutomutt
2080,Pmoiee
2069,Pnbn
407,pnr2
264,Po-chandesu
1554,pockyharem
2544,podetus
2853,pokemastanumba1
3550,PokemonCrossing
2258,PolarCyrus97
2194,PolarsAurora
317,Polatrix
2507,polke45
3530,polnoc
3882,Polyphemus
1437,pompokolarc
1909,PoNaBo
3643,Pond
875,ponygobyebye
5549,Poppinfloss
471,porcelain_wings
972,poshytrolly123
125,PotatoAnimeBois
1966,Potatoc
1038,PowerUpOrDie
244,Poydoo
5550,pra
4681,Praland
64,PraneshChow
1608,Prankster_001
4633,prants
5607,prasand
1401,Prasetya
5072,Prashantlogan10
1942,Preachee
4975,PRESSit
2434,PrevE
2378,Prim-rose
1643,Primo_27
1778,Prince_Nox
82,PrincesaLuminosa
3591,PrincessAhri
5144,PrincessLove
2834,PrincessMomonoke
2200,PrincessSerenity
2009,PrincessVictra
322,Pringer-x
4670,prismheart
5013,Prizkilla
860,Pro_Evo
3111,Profundus
3506,Progeusz
5464,progia
2994,Protaku
408,ProudElitist
2942,prtorpedo
4897,PseudoJord
5196,Psychodrake
4759,psychokillua
2344,PsycoDipicto
4943,pucelle
2264,puffyram
5194,Pumpernikkeli
2787,Punkbeetle
431,Punkero
4595,punkvolume1
2151,Pure_Nihilism
4127,PureXI
5687,Purin
5669,Purjoloek
2539,PurpleLugia
5104,Purplemanatees
410,purplemoon_
1868,PutridRottz
5269,Pw3age
4887,Pyapi
2236,Pyro
482,Pyro81300
5677,pyroxerberus
2405,Qaisar
3622,qpq
2128,Quarkboy
4096,Quartz
2580,QuattroVaginas
4111,QueenCythia
4159,quercifolia
5540,quicksilver111
3207,QuixoteTheDon
4050,Quixotis
4197,qwerty4321
1257,qwlee
2485,R_TF
2115,R0rack
3522,R2
4302,R3ep
3462,Ra
5160,rabids0ap
4885,Racaholic
1822,raccoon-child
4728,RachelB
5302,rachelcabbit
3019,Rachmaninow
2518,Radzeer
2668,raegazel
173,Rafael_Coelho
2108,RafaelPereira97
3359,rafi160
5321,Rafira
4942,Raghadal
3199,Raging_Berserker
1263,Ragio
5587,ragnorocker7
148,Ragon_Qc
85,Raibyou
602,raichu1998
1381,raiderublaze
3085,rails646
1772,Railtracks
5119,raimiala
4894,rainsmew
265,Raiseii
5243,raitoningu
5354,Raitora
3624,rajin90
176,Rakiko
5261,ralphy0103
4901,rambelin
1741,ramenobsessed
3061,ramenyst
501,Ramkec
4390,Ramo_7
358,RamTrinity98
4944,Rand0mless
50,randadasyo
4251,Random45
3816,randompadley
1710,randumo24
4513,RandyW88
4607,randywmorgan17
803,rani32
5695,Ranivus
3195,ranposcythe
4441,Ranzkin
4214,raphaelf
1637,rApheAd
3513,RapheJK
490,Raratah
2608,Rare_
348,RareAnimeHunter
4408,RaRitsujun
2877,Raspberry
4505,raulsems
2879,rautes
2804,Raven_Freak
404,RaVeN_Mortus
5566,Ravenhood
4520,Ravenix
4439,RavenlySadist
46,RaviusxNero
4733,Rawrsmus
1896,Rayan4500
1835,Rayl1ght
880,Raymond_Bermea
1962,raynaninja
1933,RayReynolds
5527,raysel
3509,Rayster
2310,Rayzer
4459,razorblade81
5064,rccompton
274,RDEmperorAsh
1894,rdsathene
507,RealNath
1305,reanseih
70,ReaperCreeper
5086,ReaperEXE
1433,rebelakuma
5477,rebwaters
3460,ReckBlayde
870,Recouerr
5360,red_fang
2422,Red_Keys
2028,Red_Tuesday
1506,Red-and-lit
571,red-tomato
146,red4scare
4542,RedBardIsCool
698,Redcher
191,RedChrome
3384,rederoin
3809,RedFlameHaze
290,Redlinkkid
2164,RedPlaty
3511,RedRoseFring
558,redvelvetdoll
211,Reecey91
1249,reenee003
812,Reevansingh21
3134,Rehfract
1934,Rei_III
177,reicchi-sensei
3730,ReikiShutuagi
2495,Reikuo
4177,Reim_Seranth
3352,Reimillya
794,Reina_Orikasa
2919,ReinhardVonMusel
4844,ReinXeed
5154,Reironie
4611,rejer
5027,Reksho
2793,reluctantbeeswax
5095,Relunx
1213,Remocracy
208,removed-user
5204,Remus_Lupa
16,RenaPsychoKiller
2225,Renaultclio101
1328,RenDays
5626,renegade
5287,renjikuchiki1
1989,Renkini
4789,rennasakura
1484,rent_a_brotha
218,reny1966nanin
1265,Reppocank
5054,Resewnio
3965,Ressamp
1470,Resting_Bonfire
3288,Restless_Soul
832,Retakkai
2761,Retolee
2293,Retratto
7,Retro8bit
3044,RetroAlwaysWlNS
925,RetroAnimeMike
3213,revelink
2481,Reverberate
3286,Reverie
5707,ReverseHarem
1898,ReverseZero
2957,Revvie-chan
4095,Rezurrekt
513,Rhae
1974,Ri22rk
2718,riane-kun
4721,Ribeyrolles
4476,ricardo241
3834,Ricetaffy
4836,richmund12
4407,RickRoss-Sama
466,Ricky16
1170,Rickydory123
4785,rickyrock
4378,Ricz
5278,Riddos
1810,RieK11
930,Rifqijr
3351,riilicious
514,rikazkhan
2963,Rikki
3022,Rikku
4166,Rikoster
685,rileydragneel
5179,RimiRin
39,Rimuru0001
1930,rimurur_u
1537,Ringo_Elegant
4556,ringoo4
3202,Riniee
951,rinirax
1489,Rinji-
2005,RinkanReich
2831,Rinri_
766,Rinrinka
846,RioAl
4307,Rionada_Jackie
4619,riot_riot
4266,riots
35,RippleLover
3938,Riptos
3427,riqueterremoto
2738,Riritsu
818,ririuwu
2998,Risa_no_hime
5481,Risami
3777,Risara
4062,risefire
4223,Rito2Ru
2855,Ritsu
640,Rize0150
2387,Rizrak47
2446,rizuxizu
4976,Rizzle
853,RJami1
4839,RJay
1050,RKGS
215,Rloco
5435,rlxme
3322,RMisaka
1172,Rnonsenseguy
2587,Rob
29,RobertBobert
5111,robfoster
2807,Robiiii
4716,Robinamori
1454,RobinTK
5192,robwar
806,Roch2001
3518,rodac
4774,roddypii
3552,rodka17
911,Roevhaal
1066,Rogerhunter
359,Rogersss
1508,Rogo17
3080,RogueRiceNinja
190,rohan121
5598,Rojada1988
414,Roktim583A
268,RolandoKun
3100,rolandxx
2415,Roloko
17,Rom-Com_lover
3343,RomCom_love510
3691,Romedbaumann
1687,ronald_bastian
1411,ronan_iroha
1327,ronie91
3455,Ronin-errante
1272,Ronin74
1148,Ronninn
4318,ronri
1682,RonsNo1Fan
4011,rookiestalker
4659,ROOMA4HELL
1677,roppuri
76,RoryBurrows
4718,Rosa_FOEtida
877,rosahi9470
4028,Rosaryn
2079,rose
5312,rostern
401,Rosy_Rose
3253,RosyXkid
3323,Roth
943,roughroadface51
3152,Rowigrath
1895,RowzyHowdy
5381,Roxkis
302,Royal_Devils1
2261,royal007
2681,royaldocks
3574,Royalknightftw
5158,Roygbiv
831,rozaaaay
4874,Rozensky
4445,rraannddoo
964,RSGX
2291,ruamor
309,rubbingmybelly
3066,Rubcies
1028,RubiKim03
94,RudeRedis
5043,Rudgald
1496,rugbikk
3503,ruggia
4438,Rukaliini
66,Rulisa
3706,Rusette
2379,Rusian_Cross
5620,rutix
2499,RVDA
5490,Rweck
3824,RX-782
4907,RyanBebop
478,Ryanmizuki
2146,RyanOakes
3997,RyanSaotome
3289,ryanstrike
5689,Rybar120
3808,Rydako
96,ryoko6
1301,ryonara
4294,Ryougi_Shiki_
5120,Ryouzenpaku
3941,ryshin
2390,Ryu_El
3000,RyuchieM
5562,Ryuga
4720,RyuKirin
108,Ryuseishun
5608,Ryushi
3623,Ryuugan
2244,Ryuuryota
118,ryzxgum
1590,S-quare22
2811,s4dcl0wn
4170,s4kumi
3274,SaberCapital
4860,SabericLily
4577,Sabinlerose
4723,Sacrifarz
2679,Sad
1624,SadMadotsuki
3787,sadrobot
5052,SagaraYuzuru
1753,sageRJ
3392,SageShinigami
5146,sai_24
2911,Saiakato_54
259,Saiche
603,Said_enough
1069,SaidoKyarakuta
1861,SaiDrew
497,saiful99
1268,Saijiii
708,Saika_Sakitora
4875,SailorCardKnight
3037,Saint-Sheepy
1388,SaintZeph
5136,Saitoe
3168,Saiyan_ichigo
5704,saizo6
4983,sajuuk
4674,saka
1786,Sakana-san
1684,Sakarii
4997,Sakata-san
5437,Sakimichi
5082,sakR9
5672,Saks_Byenara
2311,Sakurai_Aoi
2451,Sakurako_Sakura
484,SakurakoMikage
3005,Sakuraoka
2797,SakurasouBusters
919,sakurasyinks
1453,Sakuta002766
2211,Salamander2170
5281,Salazar
4499,Salinga
763,salmabc
2509,salman7
4209,salvationhope
1492,sama_tarek2029
954,samashi20
2601,Samii
626,SamSamy
4865,Samu-tan
4238,Samurai_
3887,SamuriJim
3004,sanasane
3135,sanata50lbsb
5471,Sandgolem
3797,Sandileina
2420,SaneSavantElla
5501,sanjica
4485,Sanosuke420
2435,Sapewloth
1783,sarah181scarlet
3957,sarazoldyckz
3750,Sardanapali
2327,SarienFhaine
455,Saronin_Jayhart
3428,sarroush
3250,Sarrow_00
2767,sat2400
2121,Satan-sama
1359,satinder85
3874,Satou0Kun
1315,Satriojunior22
2312,savisky
2137,SavuAllu
838,Say-My-Name
2959,sayami
5201,sayian
4034,sayko
3183,SayNoMore
3508,sayurno
2885,scabab
2241,ScarletAngel19
1317,scarletdawn_
4626,Scarmask
3072,scarredfiend
375,ScaryOwl
4712,Schabrak
194,schnichiz
5413,SchnickelFritz
4281,Schroeders
2402,Schumacher
2902,Schwarze_Krahe
854,ScooterBug
1592,Scordolo
1274,ScottyNuked
235,Scragnasty
527,ScrewFiction
185,Scribblegs
5483,Scud
815,Scuzzy_Beta
5347,Scynt_Skunk
3446,scytheavatar
3867,SD_CV
4199,Seabury
2727,Seangel
1916,Sears2424
2590,SeasonLeaves
4430,Seasonreaper
3094,Seau
4113,Sebastian333
4481,Sebulon
2995,SecretDinosaur
1706,seeker_moc
568,Seeker1995
5546,seemmeriast
1911,sefferia_ellis
2011,SeibaaHomu
5392,seif
2538,Seigen
1111,Seijatachiiii
2569,SeijiroUshio
2904,Seijurou
3794,seikipunch
5226,seishi-sama
2721,seishurun
51,SeiyaTempest
5328,seiyu
4466,sekida
3186,Seky
1598,SelenMH
3819,Selphie-
3614,semperdickus
3302,SemRom
4496,Sendoh08
1774,Senpai_abunai1
2426,SenpaiJay98
5021,SenRyo
3346,SensouNoKami
3450,Sensus_97
465,SentiOnikawa
5440,SenzuriChampion
3232,seo-rin
3336,Sephia
5512,Sephor
4161,Seppafer
1421,septasan
2850,SeraNoona
4812,Seraphelki
2980,SerB3128
2978,Serenade-hime
5530,Serenti
1160,sergiorios
2940,SerhaTR0483
741,SerhaTR0483-2
4129,Serhiyko
5088,SeriousAsahina
2650,serunayu
4614,Seta19
412,SetHorizon
2480,Setiadji
2299,Setsuna_CC
3390,Setsuna200
4778,SeventhMist
5028,Severus_Grey
3728,sevki
5662,sfx-rayzel
3667,Sh4de
3442,Shadow_Strider
1386,Shadow-Chan
4878,shadow-ookami
5066,ShadowBlazer3000
1474,ShadowMonkey
1711,ShadowOnyx01
4030,Shaduge
3925,shagek1
426,SHAHG376
2961,shaikhah
2348,shakeyourpup45
1379,Shakib07
2039,shakira123
3629,Shakkin-shitsuji
5424,shaku1347
2953,ShanaFlame
5285,Shancakeschan
1839,shanimebib
1329,sharad2005
4652,Sharli
1673,Sharmin22
1304,sharosharo
5528,Sharpen
1603,Sharpoint
4071,shasub
4961,Shdwfalcon
1652,SheasonDuerulo
4749,shellykanto
3895,SheMei
871,sherri-chan
811,SheyCroix
1021,shibusa
262,Shidoteki
3002,shig_
3781,shigeru212
2870,Shigure
5678,shigures_editor
4669,Shih
4588,Shin_Star
804,Shin18
2662,shinaa
4566,Shindaiyo101
1008,Shingster
4655,Shiniblured
3268,Shinigami1992
2413,Shining_Falcon
4665,shiningforce
3793,shinkeikaku
3998,shinki7
159,Shinku05
111,Shinoken_One
3907,Shinryuken
2370,Shinsuke_Sama
1542,shintai88
613,Shinuki_n_Reborn
4002,ShinXK
5116,ShinXP
3090,ShinyShinigami
2475,Shinyunicorn17
5659,Shion-chama
5249,shion16
1646,ShionU27
1119,Shiorinnn
4414,Shirahoshi
1543,Shirayuki_Hinata
296,Shirayukin
1836,Shiro_cze
1621,Shiro_shi
1271,shiroi-ookami
2707,ShiroiRyu
427,Shiroyaki
3101,Shiroyuina
1034,ShiryuDoragon
2248,Shishou_23
1236,sho52
2934,Shocked
2467,SHOCKJOHNSON
1574,shockzz1234
1020,ShodouKuru
707,ShogunHachi
4924,ShojoSamurai
3395,Shole
1658,Short_Circut
3947,Shoryu
4415,ShoryuRaiza
1297,Shounen_jamms
2052,shoutai
5324,show1222
3492,Shozenn
2752,shsl-uravity
4291,Shubh
5709,shuchung
1560,ShufanDurin
3683,Shuhan
5266,shujan
4244,Shukle
3475,shukujo
4660,shuncchi
5697,Shurtugal
4792,Shwele
5556,Sick_Bastard
938,Siddhartha47
3112,SiegeShoot
5656,sifma
2329,SightScreen
1913,Sigi-san
124,Sigmar-Unberogen
5442,Sii_Kei
3252,sii1
5674,Siing
3999,Silent_Chime
3642,Silent_Scream
5102,silenteve
3278,Silentfan6
5380,silentknight0083
5346,SilentMuse
4132,SilentTruth
5076,SilentVoice
3821,silkie
5255,Sillya
4468,sillyker0nian
3514,silmaril
4761,Silver_ribbons
2559,Silver-baka
2907,silverclansman
2818,silverDworld
4342,Silverfan
2753,Silveria
2501,silverwalls
2061,Sim_123
1798,Simo-Kun
2630,simo000
858,SIMOMEGA
5401,simplyme
5456,Sinari
2447,Sindarak
3602,sinner08910
4994,siokan
3835,Sipi
4331,Sir_Lexa
910,Sir_Tako
402,Siri1234
2172,SirLezard
4053,sirsalat
4525,sirwence
1383,Situnaki
2969,Siva
4515,ska-cze
5592,skadigaming
480,SkiesOfBlue
3905,Skipchmosha
1879,Skittles
5525,Skoki
4966,skriticos
4157,skullhong
5385,Skurd
2119,skwalking
344,SkyFullOfStars
4941,skygtr
3151,SkyHora
2156,SkyLETV
1090,skylucario
4103,SkyRanger
2657,Skyreth-XIII
5210,Skyuser
4923,SkyWyvern
2561,Skyzaid
1211,Slarkero
3968,Slatrix
3676,slaydere
5505,slayer545-sama
147,slayer70
65,Sleabedybarb
195,sleepless_dude
3902,sleepless23
759,Slimsith
5167,SLIPLV
3603,SlowDancer
5291,Slykain
2633,sman3579
4246,sman517
5212,smash
1799,smathels
722,SMGJohn
170,Smirker
1663,Smixsix
4700,Smochi
2754,SmoczySmoku
4866,smokes
1142,SmokeyOneKenobi
1649,smoledman
343,smoltulip
2962,SmoothJazzDavis
594,smoothw
3444,Smugdear
2971,Snappynator
5496,SNDK
2077,SnekNOTSnake
1889,sniper23
1152,SnorlaxCantFly
24,Snow
3710,Snowballx350
3980,SnowfallBunny
4075,Snowflakes
2981,SNOWSOS
752,snowykevin
3626,snuffless
1041,SobbleBoy27
5724,Sobzob
1319,sockerdricka
3205,SodiumChloride
1524,SodomySnake
1820,Sodragneel
87,Softhenic03
1589,SoftImpaler
1478,sogegesoge
5452,Sohei
4109,solec
2230,solidss
3510,SolviteWoTaberu
425,Somecallme_kj
1616,SomeGuyWithHair
1714,Somethingfresh
5387,Somnia
1620,Sonalisa
5466,Sonata_
332,Sondo
5092,SoneAnna
3855,sonictoryuiai
1114,sonu711
661,SonYarin
1311,SophiaRoland
5573,SoraKing
4643,SoraKuro
4478,soranotori
5338,Sorasan
5129,sorcente
3955,Soshinra
3096,Soskarin
2243,SoukaTheReal
3852,soulelle
3156,soulless4now
3675,SoupAhh
4323,souske88
5502,southdkotaboy
2191,southerntw
5326,soymilkyy
2013,SpaceHoliday
3007,SpaceMarsouin
3847,spacemonkey93
4299,Spacenoid
4189,SpAyKeR
1623,spectrojan
1283,Speedo_Kingu
2043,SpeedRoidGenm
3238,SPEEEEDWAGON
2126,SpencerBagel
166,Sphealz
5183,spibus
421,SpicyHamburger
583,Spidder
3665,Spider-titan55
5397,Spirit1234
13,Spiros_giks93
2125,Spiryts
636,splitshocker
1680,SpoopyNekoBitsy
1869,Spriggan_Knight
4104,squall2be
4781,Squarebox
5343,Squirrelpaw4970
1777,Sqwash
2929,SRVFan17
3658,srwgfan
3991,ss4chris
4873,ss4gojetanks
1683,SsAnime
2097,ssjokg
1781,SSJR2
2306,SSSS_Shunaria
150,ssvmdh
4279,St-Hubert
178,St0rmblade
506,ST63LTH
926,Stacias
563,StalkerFairy
3399,stand
4143,Star_Boy
2358,starbeyond67
141,Stardew
3068,StardustCharisma
2155,Starfall_Fae
1922,Stark700
4063,Starks
2185,starlightshine
576,StarPebblit
2782,starshums
5373,StarSidereal
727,Starslayer_
422,StarThrone
5389,Static
4067,stAtic91
5621,stayatari
5197,Stb1990
5634,SteamPunk4Me
5419,Steelix
2741,StefanHere
2319,StefyG
1251,stella555
4140,stellafoong
2548,Stellagrimore
1980,Sten_PT
946,Steph
5531,StephanBlackhawk
629,stephanniewee
3312,stephtastrophe
2003,Stevenbaik
749,StevieRara
4807,stevoke
155,StewedBeefHaunch
611,StickManlt
3028,sTIMuwu
841,Stinger913
3666,StinkyPuppies
3981,Ston3_FreeN7
217,stone616
4048,StonedAnime
4561,stoneroy15
3463,stonnyfor
1993,Stoorainclaire
1854,StopBeingWeiird
3791,StopDropAndBowl
3292,Stratofortress
5570,Straw-Hat-Matt
3244,Strawberry-Rain
2900,Strawberrycake48
4625,StreetFighter
5241,StriderMS
1228,StrifeHale
704,Stripes
1780,Strong
2667,stronyy
5113,stunt_crazy
167,STURRAMAK
4608,Styx0202
830,StyxParadise
3799,sub9me
773,subahokke
3802,Subbed
1199,subesora
1116,subo5
3074,SuccHunter
1918,Suddhadeep
3393,SugandaSu
2396,Sugram22
5636,SuiDream88
5684,Sumiregawa-kun
3884,Sumitomo
1087,Sun_Chan
5391,Sunao
232,SunCrescentMoon
5029,SundayThe19th
945,sunny_senpai
1632,SunnyShim
3549,Suntears
5090,SunyiNyufi
5517,supahkawaii
34,SuperAdventure
5108,superchan
5053,Superdee
3870,Superfaraway
1901,SuperGreenTea
604,SuperLupinHero
2670,superman12381
3298,SuperMarioMC
2372,supermegasonic
1951,Supermike316
4038,SupernovaMane
2407,SuperRed
4898,SuperSaiyen
5024,supersayen
3046,supersesat
2723,Supersimz
792,superwolfkin
4618,SuppleTears
3978,SupremeZero
757,Suprgamr123
327,Surf_rock
1364,suri2905
2343,Sury
184,Susanowa
3457,sushiisawesome
2549,Suzie
5122,Suzimiya
5593,SuzuFop
4741,Suzuku
3502,Suzune-chan
2625,Svalinn_Hoenir
2479,svein-kun
3437,SViper
1876,SwadesGamingz
1969,Swag_Akatsuki
297,Swagernator
2383,swampert260
4126,sweetbanana
3313,SweetCoconut
5286,Sweetlollipop
324,sweetsilver
3429,sweetsymphony
948,Swiggy
1963,Swiggy1957
1494,Swiggycat
1825,swirlydragon
947,SwordBreaker36
2779,swordmasterman
5653,SwordWielder
5543,SY_IS_DEAD_IRL
5675,Syanaide
4747,Sylpheed
4151,SymbolicLayer
3729,symbv
3908,Symqn
4382,Syndromic
748,syntience
3956,synusinverse
26,Syureria
1606,Szalamandra
3400,tabb
5386,Tabibito-san
5310,Tachii
126,Tacsk0
1614,TadanoMari
5259,TadloS
1428,Taffy_x3
2351,TahZin
1362,tailor31415
5597,tainteddonut
4023,taj69
5420,Takai
2746,Takamichii_S
2278,Takamura-sama
1444,Takao_Bl00driver
251,Takashichea
1128,takkun_
4814,takuku
5396,Takuya-kun
2490,Takuya7
3931,TallonKarrde23
5504,Talon
2192,Taluun
430,tam_fortress
791,Taminaion
2138,tammy_fay
1903,TamXO
2006,tanerl
418,tanjiromybaby
5331,tanjx
4262,tantei
2429,TapuTapuu
2110,Tapyoka
4710,TaquishaJohnson
608,TARDISES
1994,Tarotist
44,tasama
5641,Tasura
3119,Tatsu765
436,Tatsuya
5293,tattahitotsuno
1056,TauO
4065,taydev
3609,Taylormomsens
1378,Tazinat0r
57,tazm_k
3634,Tazu
4463,TBOkmph
837,TBSM
306,tchitchouan
1517,tealevel99
2314,Teatastic
1813,Teatime_X
345,Techen00
2431,TedBn
197,TeenyBooch
5426,TEH_GEASS
5242,tehnominator
4629,TehYGuy
1082,Teirayo
80,Tekakurika
864,Tekmixer
4492,tembikai
386,TemdoesSpeedruns
25,Temperanced
899,tempest_z
405,Ten
4604,Tenchi_Ryu
1118,Tendo_GM
3026,Tengai
3747,Tengoku_no_hakai
2841,Tenkachi
544,Tenkaishoumon
5123,Tenks
1669,Tennouji
2095,Tenryuu1
4610,Tensaiboy
4916,tensainobaka
4537,TeNShIkA
3479,Tensho
2271,Tenth
4271,teribithia
4361,Terminatez
3949,terrablu2003
3654,TerrorH3ctor
2758,testamentKAISER
3025,tetsugantz
1919,tetsuya2
1450,Tetsuya69420
260,texasfangirl1999
1862,Texerox2013
2710,TFO1013
3430,Thai777
3598,ThangLong
93,ThatDwarfGimli
4207,Thatguy31
2308,thatPinkSpider
2666,thatsamaritan
3272,The_Archking
1451,The_Best_Otaku
4277,the_seventh_l
896,The_Weekly_Jay
4677,TheAnaBanana
538,THEAnimeHERO
5518,theanimeis
2784,TheAwesomeHannah
3006,TheBerserker
1513,TheBigGuy
1426,Thebigofan
3472,TheBlckJoker
140,thebrentinator24
4871,TheCbass
756,TheColdMayor
4303,TheCommonSense
4148,TheCtes
4354,thedarkfroggy
4417,Thedean
3425,TheDimmLight
2321,TheDoggoneGirl
5603,TheDrunkenShadow
2585,Thedumbhead
4269,TheFactSheet
4205,TheFlatIon
705,TheFlyingOrange
1047,thefrog1192
1775,TheFunnyman244
4538,thegooseman
4457,TheGreatWiseAss
717,theHamzter
770,thehornedrat
371,thehugeanifan
634,TheInhuman404
1946,TheInspiredConj
2837,TheIsOtaku
778,TheKing95
4395,thekoolkid93
3689,TheLethalRose
4644,TheLocalHentai
1762,TheMangaManiac
983,TheMechaManiac
1151,Thempass
5172,TheNemo
2947,TheNoseOfDeath
1504,Theo1899
3355,ThEoNePugNA
1462,thepath
120,therealnagora
4870,therubicon
956,TheSaltyGamer
643,TheSekiryuutei
207,TheSmug1
3470,TheSpaghettiLife
3388,TheWhiteChaos
4286,TheyLeaveShadows
555,this_again
2199,Thnx4dafood
1382,Thomas_Eriksen
5643,Thrilla2k10
949,thuanhvu012
3024,Thug_Gou
3856,Thunderwolf
5388,TiamatBunny
4014,Tieria-Shirin
1599,TierraRobada
3822,tiffanyhng
3297,tike36
2022,Tilarna111
4084,TimeTravel_0
72,tingy
1242,tinker3bellz1
473,Tiny-Roxy
3588,tirasangue
3542,Tirno
2676,TisyaZEA
387,titan-19
730,TitanInsane
3441,TJR
3369,tkmeta
917,TKTOWA
1132,tl_dr
1035,Tlahuizcapante
1502,TLMH
3597,tlne
1409,tmiles
2474,Toadesstern
5384,Toadounet
1168,Toarujisuru
3716,Toast123
2703,toblynaruto
5682,tobruk
2066,TodAboT
1276,todd2580
4149,tofei
3679,tofistig
18,ToG25thBaam
5698,togami
3682,Toilgamesh
1233,Tokai7
158,Tokoya
3401,TokyoCrazyPXD
3755,Tomaton
351,TomboyDuet
1057,TomboyTamer
2094,TomDay
3334,Tomislavr7
4018,tommythecat
339,Toneworks
4567,Tono-kun
1788,Tony2Phones
1030,tonyfony
2152,tonystar73
2395,Toolbot
5059,Toost_Inc
2399,tophsyrup
2488,Topolowgic
1000,tora-jiro
3476,Torisunanohokori
4035,totoum
2098,Touka
2324,toumei_
1666,towelgirl21
4440,Toxicwolf
3311,toyall123
2543,tr1ckst3r
3976,Tracer_Senpai
569,traed
73,tragedydesu
3217,TragicRomance
4579,TrainerOfLegend
318,TraipsingShadow
5368,TranHere
900,TransientTek
761,Traotora
1689,TrashDax
3340,TrashUta
3103,trebmeg
2926,trenton4k
4070,Trepefan
1483,tric_ishan
1533,Trickster5_
2640,TricksterZero
3898,Trie
247,trinitroglycerin
3233,TrinityGod
4338,trinitytiger
2713,TripleSRank
4830,TripleSun
4046,Trisection
3041,trisha_tych
1791,Troll12345678966
68,Tropisch
5654,Trotts
2984,TroyAndAbed
1512,TrumpAnime
1091,Tsarko
3383,TSeraj
5335,tsrobinson115
163,tsubasalover
5299,tsuD
3057,tsudecimo
1010,Tsukasa_Rio
5216,TsukikageRan
4570,Tsukinoouji
1051,TsukuyomiREKT
5026,TsundereRic
2245,TsuzukuHunter
2074,TsuzukuHunter2nd
5081,TSX
5399,tttm
2858,Tulicloure
1406,tum_tutum_tum
2610,TumblingDownward
4995,Tunnel-Lights
4482,Turb0_mugen
5513,Turbe
5439,turkeymeister
789,TurnipFan
4372,Tustin
1355,Tuumas
701,TVofWizdom
2830,tvtz
4922,Twee
1173,TweedleDane
2728,twilyopal
1141,twish22
3406,TwistedAnarchy
4158,Twitchy-Tail
5307,TwoSoxs
4827,twy
1720,TygerPowers9767
3708,tylerdurden876
4362,Typhor
2553,Tyrel
2894,tyvip
172,tywhoppity
4319,Tzu
1369,UberFunnel
3296,UchihaProdigy1
586,ueda
4031,ueki27
1526,Ueno_Kazuki
454,UFiling
3373,uhm
658,UhOhSPAGET
3592,Uitchou
1576,ukloim
5031,ukonkivi
2751,Ulquiorra
2519,UltimatePandacey
2607,UltimusInfinitum
1864,ultranimee
5646,UltraTien
5250,UltraZatch44
113,Ultron0369
2315,umashikaneko
5445,ummyeah
3225,umnicklecal
417,Una_Sama89
1410,Unafliated
162,uncleqrow
3823,UnculturedWhitey
4613,underMebius
2696,Undinehunt
679,Uneducated_Weeb
4895,UNExistence
4798,UnfortunateLefty
4727,Universal_SheeP
3466,Unknown98787
423,UnknownAK
3660,UnknownUser-
5393,Unregistered00
3314,Uppathebest
2664,UpperCat
5137,UrbanScythe
2449,usagii88
2168,UsagiUme
1063,usamasaleem
5178,Usami-Haru
2301,USAS12
1195,Ushiki
2346,Utsuu
655,UuGaBuUgABuU
442,uutakuubi
273,UveVauliett
914,V1P3R0P
4777,Vac
5000,Vadimych
3149,Vaiyoretto
673,Valar32
2532,Valaskjalf
4738,Valentiln
4115,Valeria-chan
2933,Valkata
4229,Valky
1641,Valloo
957,VampireLord1024
2597,VampireXxBrianna
3961,vampko
5544,VampShadow
331,vandastar
3705,vanesaB
1651,vanesarz_
3204,Vanessa-
3790,Vanilla-San
1756,vanillaguard
2190,vanillaskynet
3860,vansonbee
1448,Vanterye
4215,VanzZz
799,Vargnatt
2334,Vargr
2765,Vasco1998
2719,Vash
5443,vault2049
5106,vedicardi
5304,VEE
4990,Vegaplus
3254,vegetablespirit
4867,Vegreaper
1545,Vehona
4869,velcom
5254,Velcor
5251,VelvetEris
457,Vene
3783,Venneria
3118,VenomTOAST
2382,Ventus_S
3543,Vepenar
4234,Verdale
800,Verdandy
3800,Verdante
4779,vergilheartnet
4343,Veronin
3646,VeryNicePerson
1569,Verzional
2491,Vhailor
3378,Vice45
1018,Victii
4059,vietpho
2335,vigorousjammer
3690,viisan
4977,villains
5475,Vin-nii
1277,Vincado
54,Vindstot
5279,Vinhsterrr
2120,ViniOliver
1201,Violet42
1501,violetchevalier
5558,VioletRebellion
3488,VioLink
295,Vipadus
3539,vipjoy
4824,viral_hun
5403,virgo_sama
6257,vishnu
4524,Vita-
145,VivavideoUser2x
210,vivi3107
1703,Vivien76
4479,Vizard
5444,VK11
4545,Vla
2639,vnusia
3606,volare1
5651,Volkova
1083,Volt10
2400,von12
2484,Vonatra
3818,VongolaXEspada
3467,Vongole
2604,VonSchiller
4517,Vortrex
3826,VovanKoperativ
735,vp787
1206,Vsegda7
2594,VulgarLife
3102,VVill
1363,vvvonvvv
357,VW_guy
3881,vxnderground
261,VyseLegendaire
2318,Vyudali
2373,Vyzass
4841,W_K
1198,W0rkFl0w
4420,W1ND_
4534,w3b0shi
5267,wabowser
4584,Waffocopter
1564,Waifwu
5101,wakka9ca
744,WallaceLarry
489,wallus81
1237,walmartt
3141,WandersonC
2602,WannaNeko
4495,War_lothar
729,WarBeastGT
1779,warguy387
4311,Wario2
5599,Warll
4029,WasabiDL
5730,Washi
2558,WashingMachine45
1400,WashingMosheen
5126,Washu-Chan
1177,Wasurechatta
334,WatchTillTandava
3055,waterfallsxo
4231,waterxeno
3806,WAZergslayer
179,Weapon
1354,Weasalopes
676,Weebchad
1235,Weebookey
886,Wehzy
310,WelcomeToChaika
2600,wells24
869,WellWell_22
3932,Werchiel
3964,Werewolfhero
5478,wesley96
472,Westia_
3309,Westlo
732,wfisch97
4886,whalegatorz
996,whalian
3136,WhatAreUsernames
585,Whattheee
5708,Where0Meets15
4357,WhichOneIsKirk
5175,whiteday26
2876,WhiteFlamee
2570,who_dat_ninja
4330,whoahyuu
3321,WhoKilledMyFish
4434,Whoo
1776,WickedAngel
2087,WickedOtakuGirl
99,wildhood
5085,Wildman
2642,Wilhelmina
4446,willamalex500
4992,willyvereb
4412,Wilusp
1497,wind_scar
3718,Wind_Sr
2477,windborn
1535,winddevil1
5491,windstar
4583,windy
5262,Wingmar
2906,WingsofDark
2524,Winneh
5715,winsonkoh
4460,Winter
2612,Wintovisky
4925,Wiriamuzu
3831,Wishe
3935,WithoutIdentity
1767,wittedmouse13
3048,Wiziliz
2593,wlw
1159,Wmgl3008
1438,WokeGangWya
2825,Wolf_Of_Reason
4139,Wolf48
3212,WolfKing7
3512,WolfWood37
2760,Wolfyrinn
2472,wonderwall
4690,WoofSadaharu
3538,WorldInverse
3015,worldsimouto
2149,WritingPaper
3969,wtdtd
1692,Wxsteri
2063,X_A_N_A
5700,x0x0
4686,x15
4503,x5exotic
3027,XadowMonzter
2058,Xaelath
1613,Xaeveax
5640,Xak
45,XanBlueXZ6
4586,Xardie
5156,Xassite
4935,xaxagrr
3526,xbobx
2131,xbot18
1205,XCF_Konzarn
1640,xchyssa
4196,xcoser
3035,xd123456722
4316,Xealias
4578,Xehanort
850,Xelones
2397,XemiiX3
645,Xenahort69
660,Xenocrisi
2771,xenovibe
2256,Xeogran
3459,Xerias0
5244,xerickkingx
3615,xfero
1787,xFresh11
1122,xharumoni
1952,xiaoniaoxiang
3064,Xiaraith
3347,xiDeliriouSx
5074,xilam
2460,xiliqs
3697,Xinception
3859,Xinil
1215,xKiYoMiNaTiONx
4751,xlunedanslecielx
4253,xMatronxMalicex
3888,xochandaox
1194,XoKy
58,Xoof
3562,xpaula
4175,xPlrac
2096,Xplusion
2100,xShinigami3125
2970,xSitax
5152,xsoccer92x
1851,xSweetSlayerx
4512,xTachibana
3684,xtremexx
3850,Xushu
2187,xxanimeee
4295,xxanxus
4107,xxbluebirdxx
3491,xxburculumxx
2708,xXInfXx
5600,xxjanism
3167,xxLittleCr0w
1395,xxmsxx
3873,XxsilverfoxX
2144,xXStephy92Xx
3249,xxtyrantxx
2316,XXXXXXXXXIII
5523,Xyik
4000,Xykko
4565,Xylophone6888
4695,Xynz01
3868,Yaana
2025,Yaboku
614,yadav59q
3896,YadGadge
4005,yafi24
4554,yagamisignum
1704,YagenThighs
2438,Yakamin
5322,yakisobapan
4429,Yakuri
1642,yakusoku
4518,yamakasi
4598,yamato8125
5036,Yami-chii
2,yamiyugi101
2686,yamurama
5519,Yana
4008,YandereYuuya
2698,Yang_Wenli
456,YangXingHo
4764,Yanoflies
1183,Yaronos
4003,YasberryYogurt
2702,Yask
3766,Yasu-kun
2135,Yasuhito
1216,Yatofyp
3596,Yause
1076,yavanna_1
2235,YeliseiY
227,yellowheartren
4889,Yemi_Hikari
4548,Yexel
4768,yFSC
1314,yhunata
1123,YizelTro
2789,YK97
868,ynuget
4934,yogone
3081,yoite-
2167,YokaiMaiden
5663,yokokurama91
4160,Yokurama
4847,Yonatay
4688,Yorozuya-GIN
1867,YoseiEgg
4766,YoshikazuSensei
486,YoshiKiller01
5563,YoshikoHatake
1325,YoukaiKouhai
3583,Youngjames
5334,YoungVagabond
3742,YourAnimeGuy
2869,Yourlolm
5508,YourMessageHere
4425,Yowan
3290,YQuintet
2056,Ysad_Ziwezhan
1769,Ysuis
4999,YTKGemini
36,Yubisoft
67,Yudesei
3869,Yugao
4293,Yuhrita
449,Yui_Suzumiya69
3845,YuinaTsukino
1106,yujee
1910,Yuki__03
1968,Yuki_Nonaka
2512,Yuki_Ookami
4398,Yukihara_Koyuki
4243,YukinoAsakura
4153,yukirin-chan08
840,Yumacchi
4163,Yumekichi11
5482,yumiche
5619,YumiKirei
1797,YumioSF
5451,yunadestined
4649,yunfanz
890,yungwarlock
1212,Yunica
400,Yuno
1751,YuraFox
743,Yuri-Crusader
863,Yuriaen
3173,yuriilover96
3719,Yurippe2636
8,yuritheknight
280,yurkin
2785,Yurue
2209,YusakuGodai
2845,yutshu_chan_lord
564,Yuu_Kanzaki
1243,Yuuka-Yt21
5722,yuuko
5691,Yuunagi
214,Yuvensius
1819,Yuyuki44
758,Yuzaki_Riku
520,Yuzuhiro
623,yuzukoikotaro
1731,yuzuruhanyuu
3917,Yvese
390,Yvonnelim99
3036,Z-Dante
4168,Z-flame
3517,Z-Info
3983,z411
2173,Z4K
1072,Z6890
742,Z80
1232,Zaawaazaawaa
5350,zaberiel
1465,ZachM
3878,ZacksFair
3589,Zadion
1940,zadkieI
2494,Zainou86
1466,Zakami01
580,Zakception
4024,Zalis
1282,ZaMashtren
4809,zangetsukakashi
5645,zanmato666
1581,Zaphkiel_El_Rem
3329,Zapredon
2340,zaretball
3376,Zarny
5218,Zaroff
1734,ZaXer_QueZ
3841,ze1151154
496,Zedlin
495,zedtronic
2545,Zee530
3414,Zees
606,Zefyris
1899,Zehennagel
5547,Zeino
1925,Zekkenshin
5652,Zel
2361,Zelev
2976,zellami
432,Zenden1ST
711,zeni_desu
2812,zenjamibu
3499,Zennon
5176,zenoslime
4893,Zenoxio
4304,zensunni
3010,Zentaro
2527,Zenzefer45
3796,zeoh
2648,Zephyroths
4996,Zepwich
2356,ZerIP
3659,Zero
338,zero-r
1573,ZeroAXL
5087,zeroj
977,ZeroMajor12
1518,Zerovor
1487,ZeroWolf251
2796,zeroyuki92
1957,zeruon
3259,ZetaZaku
3009,zetsu_shoren
3975,zetsuboSensei
4799,zewho
928,zeygan
4287,Zfish9
1645,Zhenro
3664,zheren
907,Zhou
3049,Zidane_10
4268,ziez_krum
2883,ziggy_Z
5118,ziggy-stardust
2817,zilch16
1630,zimmercj
5561,ZinnKid
4958,Zinvy
2177,zipppooo
5712,Zirgo
2259,zoeanime13
2332,zohaib0024
4276,zombor
976,Zombunny343
168,zoomerReviewer
252,Zoshlog
3599,zoze
3611,zozv
5667,zq
1744,zrdb
2021,zubairbaloch350
4475,Zubo
3528,zura-chan
2905,zurgboy00
165,ZXEAN
5288,zzzfdfdsfsdfafs
